Date,Account Type,Description,Quantity,Price,Book Cost,Market Value,CADUSD Conversion Rate,USDCAD Conversion Rate,Ticker,Industry
03/2023,Tax-Free Savings Account - US,Cash,0.0,0.0,155.94,155.94,1.0,1.352190017700195,CASH,Banks - Regional
03/2023,Tax-Free Savings Account - US,BMO MICRO FANG+TM ETN NEW (FNGU ),17.0,103.46,1453.12,1758.82,1.0,1.352190017700195,FNGU,n/a
03/2023,Tax-Free Savings Account - US,BOEING COMPANY (BA),3.0,212.43,721.68,637.29,1.0,1.352190017700195,BA,Aerospace & Defense
03/2023,Tax-Free Savings Account - US,COINBASE GLOBAL INC CL A (COIN ),3.0,67.57,1007.1,202.71,1.0,1.352190017700195,COIN,Financial Data & Stock Exchanges
03/2023,Tax-Free Savings Account - US,COSTCO WHOLESALE CORP (COST ),2.0,496.87,1015.91,993.74,1.0,1.352190017700195,COST,Discount Stores
03/2023,Tax-Free Savings Account - US,INVESCO NASDAQ 100 ETF (QQQM ),10.0,132.01,1508.99,1320.1,1.0,1.352190017700195,QQQM,n/a
03/2023,Tax-Free Savings Account - US,NETFLIX INC (NFLX ),3.0,345.48,1125.99,1036.44,1.0,1.352190017700195,NFLX,Entertainment
03/2023,Tax-Free Savings Account - US,PROSHS BITCOIN STRAT ETF (BITO ),11.0,17.52,485.47,192.72,1.0,1.352190017700195,BITO,n/a
02/2023,Tax-Free Savings Account - US,Cash,0.0,0.0,152.84,152.84,1.0,1.3573999404907229,CASH,Banks - Regional
02/2023,Tax-Free Savings Account - US,BMO MICRO FANG+TM ETN NEW (FNGU ),17.0,74.23,1453.12,1261.91,1.0,1.3573999404907229,FNGU,n/a
02/2023,Tax-Free Savings Account - US,BOEING COMPANY (BA),3.0,201.55,721.68,604.65,1.0,1.3573999404907229,BA,Aerospace & Defense
02/2023,Tax-Free Savings Account - US,COINBASE GLOBAL INC CL A (COIN ),3.0,64.83,1007.1,194.49,1.0,1.3573999404907229,COIN,Financial Data & Stock Exchanges
02/2023,Tax-Free Savings Account - US,COSTCO WHOLESALE CORP (COST ),2.0,484.18,1015.91,968.36,1.0,1.3573999404907229,COST,Discount Stores
02/2023,Tax-Free Savings Account - US,INVESCO NASDAQ 100 ETF (QQQM ),10.0,120.79,1508.99,1207.9,1.0,1.3573999404907229,QQQM,n/a
02/2023,Tax-Free Savings Account - US,NETFLIX INC (NFLX ),3.0,322.13,1125.99,966.39,1.0,1.3573999404907229,NFLX,Entertainment
02/2023,Tax-Free Savings Account - US,PROSHS BITCOIN STRAT ETF (BITO ),11.0,14.45,485.47,158.95,1.0,1.3573999404907229,BITO,n/a
01/2022,Tax-Free Savings Account - CDN,Cash,0.0,0.0,740.14,740.14,0.7837543487548828,1.0,CASH,Banks - Regional
01/2022,Tax-Free Savings Account - CDN,ISHRS CORE S P US TOT ETF (XUU),12.0,42.93,477.99,515.16,0.7837543487548828,1.0,XUU,n/a
01/2022,Tax-Free Savings Account - CDN,LIGHTSPEED COMMERCE SVS (LSPD),10.0,41.26,897.59,412.6,0.7837543487548828,1.0,LSPD,Software - Application
01/2022,Tax-Free Savings Account - CDN,LION ELECTRIC COMPANY (LEV ),32.0,11.08,512.39,354.56,0.7837543487548828,1.0,LEV,n/a
01/2022,Tax-Free Savings Account - CDN,ISHARES JPM USD E M ETF (XEB),24.0,18.98,489.51,455.52,0.7837543487548828,1.0,XEB,n/a
01/2022,Tax-Free Savings Account - CDN,TORONTO DOMINION BANK (TD ),11.0,101.81,1066.54,1119.91,0.7837543487548828,1.0,TD,Banks - Diversified
09/2021,Tax-Free Savings Account - US,Cash,0.0,0.0,163.92,163.92,1.0,1.27538001537323,CASH,Banks - Regional
09/2021,Tax-Free Savings Account - US,BOEING COMPANY (BA),3.0,219.94,721.68,659.82,1.0,1.27538001537323,BA,Aerospace & Defense
09/2021,Tax-Free Savings Account - US,COINBASE GLOBAL INC CL A (COIN ),3.0,227.48,1007.1,682.44,1.0,1.27538001537323,COIN,Financial Data & Stock Exchanges
08/2021,Tax-Free Savings Account - US,Cash,0.0,0.0,163.92,163.92,1.0,1.260890007019043,CASH,Banks - Regional
08/2021,Tax-Free Savings Account - US,BOEING COMPANY (BA),3.0,219.5,721.68,658.5,1.0,1.260890007019043,BA,Aerospace & Defense
08/2021,Tax-Free Savings Account - US,COINBASE GLOBAL INC CL A (COIN ),3.0,259.0,1007.1,777.0,1.0,1.260890007019043,COIN,Financial Data & Stock Exchanges
01/2023,Tax-Free Savings Account - CDN,Cash,0.0,0.0,122.32,122.32,0.747171938419342,1.0,CASH,Banks - Regional
01/2023,Tax-Free Savings Account - CDN,ISHRS CORE S P US TOT ETF (XUU),12.0,40.5,479.31,486.0,0.747171938419342,1.0,XUU,n/a
01/2023,Tax-Free Savings Account - CDN,LIGHTSPEED COMMERCE SVS (LSPD),10.0,24.07,897.59,240.7,0.747171938419342,1.0,LSPD,Software - Application
01/2023,Tax-Free Savings Account - CDN,LION ELECTRIC COMPANY (LEV ),32.0,3.49,512.39,111.68,0.747171938419342,1.0,LEV,n/a
01/2023,Tax-Free Savings Account - CDN,ISHARES JPM USD E M ETF (XEB),24.0,15.66,489.35,375.84,0.747171938419342,1.0,XEB,n/a
01/2023,Tax-Free Savings Account - CDN,SUNCOR ENERGY INC NEW (SU),25.0,46.18,1016.24,1154.5,0.747171938419342,1.0,SU,Oil & Gas Integrated
01/2023,Tax-Free Savings Account - CDN,TORONTO DOMINION BANK (TD ),11.0,92.06,1066.54,1012.66,0.747171938419342,1.0,TD,Banks - Diversified
02/2022,Tax-Free Savings Account - US,Cash,0.0,0.0,219.93,219.93,1.0,1.2755199670791626,CASH,Banks - Regional
02/2022,Tax-Free Savings Account - US,BOEING COMPANY (BA),3.0,205.34,721.68,616.02,1.0,1.2755199670791626,BA,Aerospace & Defense
02/2022,Tax-Free Savings Account - US,COINBASE GLOBAL INC CL A (COIN ),3.0,190.77,1007.1,572.31,1.0,1.2755199670791626,COIN,Financial Data & Stock Exchanges
02/2022,Tax-Free Savings Account - US,COSTCO WHOLESALE CORP (COST ),2.0,519.25,1015.91,1038.5,1.0,1.2755199670791626,COST,Discount Stores
02/2022,Tax-Free Savings Account - US,NETFLIX INC (NFLX ),3.0,394.52,1125.99,1183.56,1.0,1.2755199670791626,NFLX,Entertainment
02/2022,Tax-Free Savings Account - US,PROSHS BITCOIN STRAT ETF (BITO ),11.0,26.38,485.47,290.18,1.0,1.2755199670791626,BITO,n/a
02/2022,Tax-Free Savings Account - US,TWITTER INC (TWTR),15.0,35.55,635.19,533.25,1.0,1.2755199670791626,TWTR,n/a
03/2022,Tax-Free Savings Account - US,Cash,0.0,0.0,1770.08,1770.08,1.0,1.24822998046875,CASH,Banks - Regional
03/2022,Tax-Free Savings Account - US,BOEING COMPANY (BA),3.0,191.5,721.68,574.5,1.0,1.24822998046875,BA,Aerospace & Defense
03/2022,Tax-Free Savings Account - US,COINBASE GLOBAL INC CL A (COIN ),3.0,189.86,1007.1,569.58,1.0,1.24822998046875,COIN,Financial Data & Stock Exchanges
03/2022,Tax-Free Savings Account - US,COSTCO WHOLESALE CORP (COST ),2.0,575.85,1015.91,1151.7,1.0,1.24822998046875,COST,Discount Stores
03/2022,Tax-Free Savings Account - US,NETFLIX INC (NFLX ),3.0,374.59,1125.99,1123.77,1.0,1.24822998046875,NFLX,Entertainment
03/2022,Tax-Free Savings Account - US,PROSHS BITCOIN STRAT ETF (BITO ),11.0,28.55,485.47,314.05,1.0,1.24822998046875,BITO,n/a
03/2022,Tax-Free Savings Account - US,TWITTER INC (TWTR),15.0,38.69,635.19,580.35,1.0,1.24822998046875,TWTR,n/a
09/2023,Tax-Free Savings Account - US,Cash,0.0,0.0,91.18,91.18,1.0,1.3490999937057495,CASH,Banks - Regional
09/2023,Tax-Free Savings Account - US,BMO MICRO FANG+TM ETN NEW (FNGU ),19.0,150.13,4193.79,2852.47,1.0,1.3490999937057495,FNGU,n/a
09/2023,Tax-Free Savings Account - US,BOEING COMPANY (BA),3.0,191.68,721.68,575.04,1.0,1.3490999937057495,BA,Aerospace & Defense
09/2023,Tax-Free Savings Account - US,COINBASE GLOBAL INC CL A (COIN ),3.0,75.08,1007.1,225.24,1.0,1.3490999937057495,COIN,Financial Data & Stock Exchanges
09/2023,Tax-Free Savings Account - US,COSTCO WHOLESALE CORP (COST ),2.0,564.96,1015.91,1129.92,1.0,1.3490999937057495,COST,Discount Stores
09/2023,Tax-Free Savings Account - US,INVESCO NASDAQ 100 ETF (QQQM ),10.0,147.41,1508.99,1474.1,1.0,1.3490999937057495,QQQM,n/a
09/2023,Tax-Free Savings Account - US,NETFLIX INC (NFLX ),3.0,377.6,1125.99,1132.8,1.0,1.3490999937057495,NFLX,Entertainment
09/2023,Tax-Free Savings Account - US,PROSHS BITCOIN STRAT ETF (BITO ),11.0,13.81,485.47,151.91,1.0,1.3490999937057495,BITO,n/a
08/2023,Tax-Free Savings Account - US,Cash,0.0,0.0,87.32,87.32,1.0,1.3535300493240356,CASH,Banks - Regional
08/2023,Tax-Free Savings Account - US,BMO MICRO FANG+TM ETN NEW (FNGU ),19.0,183.76,4193.79,3491.44,1.0,1.3535300493240356,FNGU,n/a
08/2023,Tax-Free Savings Account - US,BOEING COMPANY (BA),3.0,224.03,721.68,672.09,1.0,1.3535300493240356,BA,Aerospace & Defense
08/2023,Tax-Free Savings Account - US,COINBASE GLOBAL INC CL A (COIN ),3.0,79.6,1007.1,238.8,1.0,1.3535300493240356,COIN,Financial Data & Stock Exchanges
08/2023,Tax-Free Savings Account - US,COSTCO WHOLESALE CORP (COST ),2.0,549.28,1015.91,1098.56,1.0,1.3535300493240356,COST,Discount Stores
08/2023,Tax-Free Savings Account - US,INVESCO NASDAQ 100 ETF (QQQM ),10.0,155.43,1508.99,1554.3,1.0,1.3535300493240356,QQQM,n/a
08/2023,Tax-Free Savings Account - US,NETFLIX INC (NFLX ),3.0,433.68,1125.99,1301.04,1.0,1.3535300493240356,NFLX,Entertainment
08/2023,Tax-Free Savings Account - US,PROSHS BITCOIN STRAT ETF (BITO ),11.0,13.44,485.47,147.84,1.0,1.3535300493240356,BITO,n/a
08/2022,Tax-Free Savings Account - US,Cash,0.0,0.0,265.89,265.89,1.0,1.3089499473571775,CASH,Banks - Regional
08/2022,Tax-Free Savings Account - US,BOEING COMPANY (BA),3.0,160.25,721.68,480.75,1.0,1.3089499473571775,BA,Aerospace & Defense
08/2022,Tax-Free Savings Account - US,COINBASE GLOBAL INC CL A (COIN ),3.0,66.8,1007.1,200.4,1.0,1.3089499473571775,COIN,Financial Data & Stock Exchanges
08/2022,Tax-Free Savings Account - US,COSTCO WHOLESALE CORP (COST ),2.0,522.1,1015.91,1044.2,1.0,1.3089499473571775,COST,Discount Stores
08/2022,Tax-Free Savings Account - US,INVESCO NASDAQ 100 ETF (QQQM ),10.0,123.22,1508.99,1232.2,1.0,1.3089499473571775,QQQM,n/a
08/2022,Tax-Free Savings Account - US,NETFLIX INC (NFLX ),3.0,223.56,1125.99,670.68,1.0,1.3089499473571775,NFLX,Entertainment
08/2022,Tax-Free Savings Account - US,PROSHS BITCOIN STRAT ETF (BITO ),11.0,12.36,485.47,135.96,1.0,1.3089499473571775,BITO,n/a
08/2022,Tax-Free Savings Account - US,TWITTER INC (TWTR),15.0,38.75,635.19,581.25,1.0,1.3089499473571775,TWTR,n/a
09/2022,Tax-Free Savings Account - US,Cash,0.0,0.0,267.97,267.97,1.0,1.3674499988555908,CASH,Banks - Regional
09/2022,Tax-Free Savings Account - US,BOEING COMPANY (BA),3.0,121.08,721.68,363.24,1.0,1.3674499988555908,BA,Aerospace & Defense
09/2022,Tax-Free Savings Account - US,COINBASE GLOBAL INC CL A (COIN ),3.0,64.49,1007.1,193.47,1.0,1.3674499988555908,COIN,Financial Data & Stock Exchanges
09/2022,Tax-Free Savings Account - US,COSTCO WHOLESALE CORP (COST ),2.0,472.27,1015.91,944.54,1.0,1.3674499988555908,COST,Discount Stores
09/2022,Tax-Free Savings Account - US,INVESCO NASDAQ 100 ETF (QQQM ),10.0,109.95,1508.99,1099.5,1.0,1.3674499988555908,QQQM,n/a
09/2022,Tax-Free Savings Account - US,NETFLIX INC (NFLX ),3.0,235.44,1125.99,706.32,1.0,1.3674499988555908,NFLX,Entertainment
09/2022,Tax-Free Savings Account - US,PROSHS BITCOIN STRAT ETF (BITO ),11.0,11.99,485.47,131.89,1.0,1.3674499988555908,BITO,n/a
09/2022,Tax-Free Savings Account - US,TWITTER INC (TWTR),15.0,43.84,635.19,657.6,1.0,1.3674499988555908,TWTR,n/a
02/2025,Tax-Free Savings Account - US,Cash,0.0,0.0,11.21,11.21,1.0,1.444350004196167,CASH,Banks - Regional
02/2025,Tax-Free Savings Account - US,BITFARMS LTD (BITF ),665.06024,1.16,1389.99,771.46,1.0,1.444350004196167,BITF,Capital Markets
02/2025,Tax-Free Savings Account - US,BOEING COMPANY (BA),3.0,174.63,721.68,523.89,1.0,1.444350004196167,BA,Aerospace & Defense
02/2025,Tax-Free Savings Account - US,COINBASE GLOBAL INC CL A (COIN ),3.0,215.62,1007.1,646.86,1.0,1.444350004196167,COIN,Financial Data & Stock Exchanges
02/2025,Tax-Free Savings Account - US,INVESCO NASDAQ 100 ETF (QQQM ),15.30867,209.26,2568.39,3203.49,1.0,1.444350004196167,QQQM,n/a
02/2025,Tax-Free Savings Account - US,INVESCO NASDAQ 100 ETF (QQQM ),9.69133,209.26,1625.95,2028.0,1.0,1.444350004196167,QQQM,n/a
02/2025,Tax-Free Savings Account - US,MICROSOFT CORP (MSFT ),4.86,396.99,2040.28,1929.37,1.0,1.444350004196167,MSFT,Software - Infrastructure
02/2025,Tax-Free Savings Account - US,PROSHARES BITCOIN ETF (BITO ),11.0,19.54,485.47,214.94,1.0,1.444350004196167,BITO,n/a
02/2025,Tax-Free Savings Account - US,SOUTHWEST AIRLINES CO (LUV ),46.10554,31.06,1589.99,1432.03,1.0,1.444350004196167,LUV,Airlines
02/2025,Tax-Free Savings Account - US,TARGET CORP (TGT ),11.31319,124.24,1584.99,1405.55,1.0,1.444350004196167,TGT,Discount Stores
02/2025,Tax-Free Savings Account - US,WALMART INC (WMT ),20.0,98.61,1138.28,1972.2,1.0,1.444350004196167,WMT,Discount Stores
03/2025,Tax-Free Savings Account - US,Cash,0.0,0.0,27.58,27.58,1.0,1.4309099912643433,CASH,Banks - Regional
03/2025,Tax-Free Savings Account - US,BITFARMS LTD (BITF ),665.06024,0.788,1389.99,524.06,1.0,1.4309099912643433,BITF,Capital Markets
03/2025,Tax-Free Savings Account - US,ALPHABET INC CL A (GOOGL ),11.7578,154.64,1998.99,1818.22,1.0,1.4309099912643433,GOOGL,Internet Content & Information
03/2025,Tax-Free Savings Account - US,BOEING COMPANY (BA),3.0,170.55,721.68,511.65,1.0,1.4309099912643433,BA,Aerospace & Defense
03/2025,Tax-Free Savings Account - US,COINBASE GLOBAL INC CL A (COIN ),3.0,172.23,1007.1,516.69,1.0,1.4309099912643433,COIN,Financial Data & Stock Exchanges
03/2025,Tax-Free Savings Account - US,INVESCO NASDAQ 100 ETF (QQQM ),15.30867,193.02,2568.39,2954.87,1.0,1.4309099912643433,QQQM,n/a
03/2025,Tax-Free Savings Account - US,MICROSOFT CORP (MSFT ),4.86,375.39,2040.28,1824.39,1.0,1.4309099912643433,MSFT,Software - Infrastructure
03/2025,Tax-Free Savings Account - US,PROSHARES BITCOIN ETF (BITO ),11.0,18.32,485.47,201.52,1.0,1.4309099912643433,BITO,n/a
03/2025,Tax-Free Savings Account - US,SOUTHWEST AIRLINES CO (LUV ),46.10554,33.58,1589.99,1548.22,1.0,1.4309099912643433,LUV,Airlines
03/2025,Tax-Free Savings Account - US,TARGET CORP (TGT ),11.31319,104.36,1584.99,1180.64,1.0,1.4309099912643433,TGT,Discount Stores
03/2025,Tax-Free Savings Account - US,WALMART INC (WMT ),20.0,87.79,1138.28,1755.8,1.0,1.4309099912643433,WMT,Discount Stores
01/2024,Tax-Free Savings Account - CDN,Cash,0.0,0.0,1078.23,1078.23,0.7461739778518677,1.0,CASH,Banks - Regional
01/2024,Tax-Free Savings Account - CDN,BITFARMS LTD (BITF ),300.0,3.11,604.61,933.0,0.7461739778518677,1.0,BITF,Capital Markets
01/2024,Tax-Free Savings Account - CDN,ISHRS CORE S P US TOT ETF (XUU),12.0,48.2,482.96,578.4,0.7461739778518677,1.0,XUU,n/a
01/2024,Tax-Free Savings Account - CDN,LIGHTSPEED COMMERCE SVS (LSPD),10.0,24.81,897.59,248.1,0.7461739778518677,1.0,LSPD,Software - Application
01/2024,Tax-Free Savings Account - CDN,LION ELECTRIC COMPANY (LEV ),32.0,2.37,512.39,75.84,0.7461739778518677,1.0,LEV,n/a
01/2024,Tax-Free Savings Account - CDN,ISHARES JPM USD E M ETF (XEB),24.0,15.49,488.72,371.76,0.7461739778518677,1.0,XEB,n/a
01/2024,Tax-Free Savings Account - CDN,TORONTO DOMINION BANK (TD ),11.0,81.67,1066.54,898.37,0.7461739778518677,1.0,TD,Banks - Diversified
01/2025,Tax-Free Savings Account - CDN,Cash,0.0,0.0,22.49,22.49,0.6899882555007935,1.0,CASH,Banks - Regional
01/2025,Tax-Free Savings Account - CDN,ALIMENTATION COUCHE TARD (ATD),14.125,76.75,1138.58,1084.09,0.6899882555007935,1.0,ATD,n/a
01/2025,Tax-Free Savings Account - CDN,GROUPE DYNAMITE INC SVS (GRGD ),56.0,16.15,1135.03,904.4,0.6899882555007935,1.0,GRGD,n/a
01/2025,Tax-Free Savings Account - CDN,LIGHTSPEED COMMERCE SVS (LSPD),10.0,20.95,897.59,209.5,0.6899882555007935,1.0,LSPD,Software - Application
01/2025,Tax-Free Savings Account - CDN,LION ELECTRIC COMPANY (LEV ),32.0,0.05,512.39,1.6,0.6899882555007935,1.0,LEV,n/a
01/2025,Tax-Free Savings Account - CDN,SHOPIFY INC CL A SVS (SHOP ),8.0,169.61,993.99,1356.88,0.6899882555007935,1.0,SHOP,Software - Application
01/2025,Tax-Free Savings Account - CDN,TORONTO DOMINION BANK (TD ),11.0,82.91,1066.54,912.01,0.6899882555007935,1.0,TD,Banks - Diversified
03/2024,Tax-Free Savings Account - US,Cash,0.0,0.0,103.88,103.88,1.0,1.353600025177002,CASH,Banks - Regional
03/2024,Tax-Free Savings Account - US,BOEING COMPANY (BA),3.0,192.99,721.68,578.97,1.0,1.353600025177002,BA,Aerospace & Defense
03/2024,Tax-Free Savings Account - US,COINBASE GLOBAL INC CL A (COIN ),3.0,265.12,1007.1,795.36,1.0,1.353600025177002,COIN,Financial Data & Stock Exchanges
03/2024,Tax-Free Savings Account - US,COSTCO WHOLESALE CORP (COST ),2.0,732.63,1015.91,1465.26,1.0,1.353600025177002,COST,Discount Stores
03/2024,Tax-Free Savings Account - US,INVESCO NASDAQ 100 ETF (QQQM ),25.0,182.69,4194.34,4567.25,1.0,1.353600025177002,QQQM,n/a
03/2024,Tax-Free Savings Account - US,PROSHS BITCOIN STRAT ETF (BITO ),11.0,32.3,485.47,355.3,1.0,1.353600025177002,BITO,n/a
03/2024,Tax-Free Savings Account - US,VANGUARD L T CORP BND ETF (VCLT ),18.0,78.23,1401.3,1408.14,1.0,1.353600025177002,VCLT,n/a
03/2024,Tax-Free Savings Account - US,WALMART INC (WMT ),54.0,60.17,3073.35,3249.18,1.0,1.353600025177002,WMT,Discount Stores
02/2024,Tax-Free Savings Account - US,Cash,0.0,0.0,85.37,85.37,1.0,1.3577500581741333,CASH,Banks - Regional
02/2024,Tax-Free Savings Account - US,BOEING COMPANY (BA),3.0,203.72,721.68,611.16,1.0,1.3577500581741333,BA,Aerospace & Defense
02/2024,Tax-Free Savings Account - US,COINBASE GLOBAL INC CL A (COIN ),3.0,203.56,1007.1,610.68,1.0,1.3577500581741333,COIN,Financial Data & Stock Exchanges
02/2024,Tax-Free Savings Account - US,COSTCO WHOLESALE CORP (COST ),2.0,743.89,1015.91,1487.78,1.0,1.3577500581741333,COST,Discount Stores
02/2024,Tax-Free Savings Account - US,INVESCO NASDAQ 100 ETF (QQQM ),25.0,180.69,4194.34,4517.25,1.0,1.3577500581741333,QQQM,n/a
02/2024,Tax-Free Savings Account - US,PROSHS BITCOIN STRAT ETF (BITO ),11.0,29.23,485.47,321.53,1.0,1.3577500581741333,BITO,n/a
02/2024,Tax-Free Savings Account - US,VANGUARD L T CORP BND ETF (VCLT ),18.0,77.02,1401.3,1386.36,1.0,1.3577500581741333,VCLT,n/a
02/2024,Tax-Free Savings Account - US,WALMART INC (WMT ),18.0,58.61,1024.45,1054.98,1.0,1.3577500581741333,WMT,Discount Stores
02/2024,Tax-Free Savings Account - US,WALMART INC (WMT ),36.0,58.61,2048.9,2109.96,1.0,1.3577500581741333,WMT,Discount Stores
09/2024,Tax-Free Savings Account - US,Cash,0.0,0.0,260.81,260.81,1.0,1.3508800268173218,CASH,Banks - Regional
09/2024,Tax-Free Savings Account - US,BOEING COMPANY (BA),3.0,152.04,721.68,456.12,1.0,1.3508800268173218,BA,Aerospace & Defense
09/2024,Tax-Free Savings Account - US,COINBASE GLOBAL INC CL A (COIN ),3.0,178.17,1007.1,534.51,1.0,1.3508800268173218,COIN,Financial Data & Stock Exchanges
09/2024,Tax-Free Savings Account - US,COSTCO WHOLESALE CORP (COST ),2.0,886.52,1015.91,1773.04,1.0,1.3508800268173218,COST,Discount Stores
09/2024,Tax-Free Savings Account - US,INVESCO NASDAQ 100 ETF (QQQM ),25.0,200.85,4194.34,5021.25,1.0,1.3508800268173218,QQQM,n/a
09/2024,Tax-Free Savings Account - US,PROSHARES BITCOIN ETF (BITO ),11.0,19.19,485.47,211.09,1.0,1.3508800268173218,BITO,n/a
09/2024,Tax-Free Savings Account - US,VANGUARD L T CORP BND ETF (VCLT ),18.0,81.23,1401.3,1462.14,1.0,1.3508800268173218,VCLT,n/a
09/2024,Tax-Free Savings Account - US,WALMART INC (WMT ),54.0,80.75,3073.35,4360.5,1.0,1.3508800268173218,WMT,Discount Stores
08/2024,Tax-Free Savings Account - US,Cash,0.0,0.0,228.61,228.61,1.0,1.3489099740982056,CASH,Banks - Regional
08/2024,Tax-Free Savings Account - US,BOEING COMPANY (BA),3.0,173.74,721.68,521.22,1.0,1.3489099740982056,BA,Aerospace & Defense
08/2024,Tax-Free Savings Account - US,COINBASE GLOBAL INC CL A (COIN ),3.0,183.36,1007.1,550.08,1.0,1.3489099740982056,COIN,Financial Data & Stock Exchanges
08/2024,Tax-Free Savings Account - US,COSTCO WHOLESALE CORP (COST ),2.0,892.38,1015.91,1784.76,1.0,1.3489099740982056,COST,Discount Stores
08/2024,Tax-Free Savings Account - US,INVESCO NASDAQ 100 ETF (QQQM ),25.0,196.08,4194.34,4902.0,1.0,1.3489099740982056,QQQM,n/a
08/2024,Tax-Free Savings Account - US,PROSHS BITCOIN STRAT ETF (BITO ),11.0,19.0,485.47,209.0,1.0,1.3489099740982056,BITO,n/a
08/2024,Tax-Free Savings Account - US,VANGUARD L T CORP BND ETF (VCLT ),18.0,79.37,1401.3,1428.66,1.0,1.3489099740982056,VCLT,n/a
08/2024,Tax-Free Savings Account - US,WALMART INC (WMT ),54.0,77.23,3073.35,4170.42,1.0,1.3489099740982056,WMT,Discount Stores
07/2024,Tax-Free Savings Account - CDN,Cash,0.0,0.0,1141.95,1141.95,0.7220425009727478,1.0,CASH,Banks - Regional
07/2024,Tax-Free Savings Account - CDN,ISHRS CORE S P US TOT ETF (XUU),12.0,56.3,482.91,675.6,0.7220425009727478,1.0,XUU,n/a
07/2024,Tax-Free Savings Account - CDN,LIGHTSPEED COMMERCE SVS (LSPD),10.0,18.49,897.59,184.9,0.7220425009727478,1.0,LSPD,Software - Application
07/2024,Tax-Free Savings Account - CDN,LION ELECTRIC COMPANY (LEV ),32.0,0.98,512.39,31.36,0.7220425009727478,1.0,LEV,n/a
07/2024,Tax-Free Savings Account - CDN,ISHARES JPM USD E M ETF (XEB),24.0,15.9,488.59,381.6,0.7220425009727478,1.0,XEB,n/a
07/2024,Tax-Free Savings Account - CDN,SHOPIFY INC CL A SVS (SHOP ),8.0,84.56,993.99,676.48,0.7220425009727478,1.0,SHOP,Software - Application
07/2024,Tax-Free Savings Account - CDN,TORONTO DOMINION BANK (TD ),11.0,81.53,1066.54,896.83,0.7220425009727478,1.0,TD,Banks - Diversified
06/2024,Tax-Free Savings Account - CDN,Cash,0.0,0.0,104.57,104.57,0.7299643158912659,1.0,CASH,Banks - Regional
06/2024,Tax-Free Savings Account - CDN,BITFARMS LTD (BITF ),300.0,3.53,604.61,1059.0,0.7299643158912659,1.0,BITF,Capital Markets
06/2024,Tax-Free Savings Account - CDN,ISHRS CORE S P US TOT ETF (XUU),12.0,54.86,482.91,658.32,0.7299643158912659,1.0,XUU,n/a
06/2024,Tax-Free Savings Account - CDN,LIGHTSPEED COMMERCE SVS (LSPD),10.0,18.7,897.59,187.0,0.7299643158912659,1.0,LSPD,Software - Application
06/2024,Tax-Free Savings Account - CDN,LION ELECTRIC COMPANY (LEV ),32.0,1.23,512.39,39.36,0.7299643158912659,1.0,LEV,n/a
06/2024,Tax-Free Savings Account - CDN,ISHARES JPM USD E M ETF (XEB),24.0,15.59,488.59,374.16,0.7299643158912659,1.0,XEB,n/a
06/2024,Tax-Free Savings Account - CDN,SHOPIFY INC CL A SVS (SHOP ),8.0,90.41,993.99,723.28,0.7299643158912659,1.0,SHOP,Software - Application
06/2024,Tax-Free Savings Account - CDN,TORONTO DOMINION BANK (TD ),11.0,75.2,1066.54,827.2,0.7299643158912659,1.0,TD,Banks - Diversified
05/2025,Tax-Free Savings Account - US,Cash,0.0,0.0,3.99,3.99,1.0,1.3805700540542605,CASH,Banks - Regional
05/2025,Tax-Free Savings Account - US,BITFARMS LTD (BITF ) FOREIGN COMMON SHARES,665.06024,0.921,1389.99,612.52,1.0,1.3805700540542605,BITF,Capital Markets
05/2025,Tax-Free Savings Account - US,ALPHABET INC CL A (GOOGL ),11.7578,171.74,1998.99,2019.28,1.0,1.3805700540542605,GOOGL,Internet Content & Information
05/2025,Tax-Free Savings Account - US,INVESCO NASDAQ 100 ETF (QQQM ),15.30867,213.75,2568.39,3272.22,1.0,1.3805700540542605,QQQM,n/a
05/2025,Tax-Free Savings Account - US,MICROSOFT CORP (MSFT ),4.86,460.36,2040.28,2237.34,1.0,1.3805700540542605,MSFT,Software - Infrastructure
05/2025,Tax-Free Savings Account - US,PROSHARES BITCOIN ETF (BITO ),11.0,22.01,485.47,242.11,1.0,1.3805700540542605,BITO,n/a
05/2025,Tax-Free Savings Account - US,SOUTHWEST AIRLINES CO (LUV ),46.10554,33.38,1589.99,1539.0,1.0,1.3805700540542605,LUV,Airlines
05/2025,Tax-Free Savings Account - US,TARGET CORP (TGT ),17.96994,94.01,2224.83,1689.35,1.0,1.3805700540542605,TGT,Discount Stores
05/2025,Tax-Free Savings Account - US,UNITED HEALTH GROUP INC (UNH),6.54892,301.91,1799.96,1977.18,1.0,1.3805700540542605,UNH,Healthcare Plans
05/2025,Tax-Free Savings Account - US,WALMART INC (WMT ) 0 00 470RR2K 765RB1K 470RR2K 765RB1K 470RR2K 765RB1K 470RR2K 765RB1K 470RR2K 765RB1K 470RR2K 765RB1K 470RR2K 765RB1K 470RR2K 765RB1K 470RR2K 765RB1K 470RR2K 765RB1K 470RR2K 765RB1K KT 771463 ZN 770977 VD 774729 VG 771220 ZG 771602 27 WALMART INC 20 0 71 0 71 31 3 99 4 70 4 70 3 5 765RB1 K US TD 4 5 765RB1 K US TD TD (NAVPS) NAVPS A NL D LL FRAC TD NVS TD RS SVS RVS 3500 5 3 SEG L3R 2Z1 SFK (SEG) TD CIRO CIPF A 31 CDIC U S TFSA TFSA TFSA TD TD TD TD TD TD TD TMX TMX (TD) TD TMX TSX N D TMX N D TD TD TD TD TD 5 5 TD,9.437,98.72,537.1,931.62,1.0,1.3805700540542605,WMT,Discount Stores
04/2025,Tax-Free Savings Account - US,Cash,0.0,0.0,42.0,42.0,1.0,1.382680058479309,CASH,Banks - Regional
04/2025,Tax-Free Savings Account - US,BITFARMS LTD (BITF ),665.06024,0.999,1389.99,664.39,1.0,1.382680058479309,BITF,Capital Markets
04/2025,Tax-Free Savings Account - US,ALPHABET INC CL A (GOOGL ),11.7578,158.8,1998.99,1867.13,1.0,1.382680058479309,GOOGL,Internet Content & Information
04/2025,Tax-Free Savings Account - US,BOEING COMPANY (BA),3.0,183.24,721.68,549.72,1.0,1.382680058479309,BA,Aerospace & Defense
04/2025,Tax-Free Savings Account - US,COINBASE GLOBAL INC CL A (COIN ),3.0,202.89,1007.1,608.67,1.0,1.382680058479309,COIN,Financial Data & Stock Exchanges
04/2025,Tax-Free Savings Account - US,INVESCO NASDAQ 100 ETF (QQQM ),15.30867,195.85,2568.39,2998.2,1.0,1.382680058479309,QQQM,n/a
04/2025,Tax-Free Savings Account - US,MICROSOFT CORP (MSFT ),4.86,395.26,2040.28,1920.96,1.0,1.382680058479309,MSFT,Software - Infrastructure
04/2025,Tax-Free Savings Account - US,PROSHARES BITCOIN ETF (BITO ),11.0,20.43,485.47,224.73,1.0,1.382680058479309,BITO,n/a
04/2025,Tax-Free Savings Account - US,SOUTHWEST AIRLINES CO (LUV ),46.10554,27.96,1589.99,1289.11,1.0,1.382680058479309,LUV,Airlines
04/2025,Tax-Free Savings Account - US,TARGET CORP (TGT ),11.31319,96.7,1584.99,1093.98,1.0,1.382680058479309,TGT,Discount Stores
04/2025,Tax-Free Savings Account - US,WALMART INC (WMT ),20.0,97.25,1138.28,1945.0,1.0,1.382680058479309,WMT,Discount Stores
12/2023,Tax-Free Savings Account - US,Cash,0.0,0.0,158.05,158.05,1.0,1.3229600191116333,CASH,Banks - Regional
12/2023,Tax-Free Savings Account - US,BMO MICRO FANG+TM ETN NEW (FNGU ),19.0,232.89,4193.79,4424.91,1.0,1.3229600191116333,FNGU,n/a
12/2023,Tax-Free Savings Account - US,BOEING COMPANY (BA),3.0,260.66,721.68,781.98,1.0,1.3229600191116333,BA,Aerospace & Defense
12/2023,Tax-Free Savings Account - US,COINBASE GLOBAL INC CL A (COIN ),3.0,173.92,1007.1,521.76,1.0,1.3229600191116333,COIN,Financial Data & Stock Exchanges
12/2023,Tax-Free Savings Account - US,COSTCO WHOLESALE CORP (COST ),2.0,660.08,1015.91,1320.16,1.0,1.3229600191116333,COST,Discount Stores
12/2023,Tax-Free Savings Account - US,INVESCO NASDAQ 100 ETF (QQQM ),10.0,168.54,1508.99,1685.4,1.0,1.3229600191116333,QQQM,n/a
12/2023,Tax-Free Savings Account - US,ISHARES 1 5Y I G CORP BND (IGSB ),25.0,51.275,1286.12,1281.87,1.0,1.3229600191116333,IGSB,n/a
12/2023,Tax-Free Savings Account - US,PROSHS BITCOIN STRAT ETF (BITO ),11.0,20.49,485.47,225.39,1.0,1.3229600191116333,BITO,n/a
11/2022,Tax-Free Savings Account - CDN,Cash,0.0,0.0,93.78,93.78,0.7361818552017212,1.0,CASH,Banks - Regional
11/2022,Tax-Free Savings Account - CDN,ISHRS CORE S P US TOT ETF (XUU),12.0,41.08,479.31,492.96,0.7361818552017212,1.0,XUU,n/a
11/2022,Tax-Free Savings Account - CDN,LIGHTSPEED COMMERCE SVS (LSPD),10.0,22.07,897.59,220.7,0.7361818552017212,1.0,LSPD,Software - Application
11/2022,Tax-Free Savings Account - CDN,LION ELECTRIC COMPANY (LEV ),32.0,3.73,512.39,119.36,0.7361818552017212,1.0,LEV,n/a
11/2022,Tax-Free Savings Account - CDN,ISHARES JPM USD E M ETF (XEB),24.0,15.4,489.35,369.6,0.7361818552017212,1.0,XEB,n/a
11/2022,Tax-Free Savings Account - CDN,SUNCOR ENERGY INC NEW (SU),25.0,44.23,1016.24,1105.75,0.7361818552017212,1.0,SU,Oil & Gas Integrated
11/2022,Tax-Free Savings Account - CDN,TORONTO DOMINION BANK (TD ),11.0,89.53,1066.54,984.83,0.7361818552017212,1.0,TD,Banks - Diversified
10/2022,Tax-Free Savings Account - CDN,Cash,0.0,0.0,792.53,792.53,0.7348564267158508,1.0,CASH,Banks - Regional
10/2022,Tax-Free Savings Account - CDN,ISHRS CORE S P US TOT ETF (XUU),12.0,39.56,479.31,474.72,0.7348564267158508,1.0,XUU,n/a
10/2022,Tax-Free Savings Account - CDN,LIGHTSPEED COMMERCE SVS (LSPD),10.0,26.11,897.59,261.1,0.7348564267158508,1.0,LSPD,Software - Application
10/2022,Tax-Free Savings Account - CDN,LION ELECTRIC COMPANY (LEV ),32.0,4.14,512.39,132.48,0.7348564267158508,1.0,LEV,n/a
10/2022,Tax-Free Savings Account - CDN,ISHARES JPM USD E M ETF (XEB),24.0,14.1,489.35,338.4,0.7348564267158508,1.0,XEB,n/a
10/2022,Tax-Free Savings Account - CDN,SUNCOR ENERGY INC NEW (SU),25.0,46.86,1016.24,1171.5,0.7348564267158508,1.0,SU,Oil & Gas Integrated
10/2022,Tax-Free Savings Account - CDN,TORONTO DOMINION BANK (TD ),11.0,87.19,1066.54,959.09,0.7348564267158508,1.0,TD,Banks - Diversified
10/2023,Tax-Free Savings Account - CDN,Cash,0.0,0.0,209.04,209.04,0.7231390476226807,1.0,CASH,Banks - Regional
10/2023,Tax-Free Savings Account - CDN,ISHRS CORE S P US TOT ETF (XUU),12.0,42.91,482.96,514.92,0.7231390476226807,1.0,XUU,n/a
10/2023,Tax-Free Savings Account - CDN,LIGHTSPEED COMMERCE SVS (LSPD),10.0,17.31,897.59,173.1,0.7231390476226807,1.0,LSPD,Software - Application
10/2023,Tax-Free Savings Account - CDN,LION ELECTRIC COMPANY (LEV ),32.0,2.21,512.39,70.72,0.7231390476226807,1.0,LEV,n/a
10/2023,Tax-Free Savings Account - CDN,ISHARES JPM USD E M ETF (XEB),24.0,14.38,488.72,345.12,0.7231390476226807,1.0,XEB,n/a
10/2023,Tax-Free Savings Account - CDN,SUNCOR ENERGY INC NEW (SU),25.0,44.91,1016.24,1122.75,0.7231390476226807,1.0,SU,Oil & Gas Integrated
10/2023,Tax-Free Savings Account - CDN,TORONTO DOMINION BANK (TD ),11.0,77.46,1066.54,852.06,0.7231390476226807,1.0,TD,Banks - Diversified
11/2023,Tax-Free Savings Account - CDN,Cash,0.0,0.0,210.26,210.26,0.7358243465423584,1.0,CASH,Banks - Regional
11/2023,Tax-Free Savings Account - CDN,ISHRS CORE S P US TOT ETF (XUU),12.0,45.98,482.96,551.76,0.7358243465423584,1.0,XUU,n/a
11/2023,Tax-Free Savings Account - CDN,LIGHTSPEED COMMERCE SVS (LSPD),10.0,21.8,897.59,218.0,0.7358243465423584,1.0,LSPD,Software - Application
11/2023,Tax-Free Savings Account - CDN,LION ELECTRIC COMPANY (LEV ),32.0,2.19,512.39,70.08,0.7358243465423584,1.0,LEV,n/a
11/2023,Tax-Free Savings Account - CDN,ISHARES JPM USD E M ETF (XEB),24.0,15.15,488.72,363.6,0.7358243465423584,1.0,XEB,n/a
11/2023,Tax-Free Savings Account - CDN,SUNCOR ENERGY INC NEW (SU),25.0,44.74,1016.24,1118.5,0.7358243465423584,1.0,SU,Oil & Gas Integrated
11/2023,Tax-Free Savings Account - CDN,TORONTO DOMINION BANK (TD ),11.0,82.74,1066.54,910.14,0.7358243465423584,1.0,TD,Banks - Diversified
12/2022,Tax-Free Savings Account - US,Cash,0.0,0.0,1603.04,1603.04,1.0,1.3552000522613523,CASH,Banks - Regional
12/2022,Tax-Free Savings Account - US,BOEING COMPANY (BA),3.0,190.49,721.68,571.47,1.0,1.3552000522613523,BA,Aerospace & Defense
12/2022,Tax-Free Savings Account - US,COINBASE GLOBAL INC CL A (COIN ),3.0,35.39,1007.1,106.17,1.0,1.3552000522613523,COIN,Financial Data & Stock Exchanges
12/2022,Tax-Free Savings Account - US,COSTCO WHOLESALE CORP (COST ),2.0,456.5,1015.91,913.0,1.0,1.3552000522613523,COST,Discount Stores
12/2022,Tax-Free Savings Account - US,INVESCO NASDAQ 100 ETF (QQQM ),10.0,109.53,1508.99,1095.3,1.0,1.3552000522613523,QQQM,n/a
12/2022,Tax-Free Savings Account - US,NETFLIX INC (NFLX ),3.0,294.88,1125.99,884.64,1.0,1.3552000522613523,NFLX,Entertainment
12/2022,Tax-Free Savings Account - US,PROSHS BITCOIN STRAT ETF (BITO ),11.0,10.43,485.47,114.73,1.0,1.3552000522613523,BITO,n/a
04/2024,Tax-Free Savings Account - US,Cash,0.0,0.0,128.98,128.98,1.0,1.36667001247406,CASH,Banks - Regional
04/2024,Tax-Free Savings Account - US,BOEING COMPANY (BA),3.0,167.84,721.68,503.52,1.0,1.36667001247406,BA,Aerospace & Defense
04/2024,Tax-Free Savings Account - US,COINBASE GLOBAL INC CL A (COIN ),3.0,203.93,1007.1,611.79,1.0,1.36667001247406,COIN,Financial Data & Stock Exchanges
04/2024,Tax-Free Savings Account - US,COSTCO WHOLESALE CORP (COST ),2.0,722.9,1015.91,1445.8,1.0,1.36667001247406,COST,Discount Stores
04/2024,Tax-Free Savings Account - US,INVESCO NASDAQ 100 ETF (QQQM ),25.0,174.68,4194.34,4367.0,1.0,1.36667001247406,QQQM,n/a
04/2024,Tax-Free Savings Account - US,PROSHS BITCOIN STRAT ETF (BITO ),11.0,25.61,485.47,281.71,1.0,1.36667001247406,BITO,n/a
04/2024,Tax-Free Savings Account - US,VANGUARD L T CORP BND ETF (VCLT ),18.0,74.08,1401.3,1333.44,1.0,1.36667001247406,VCLT,n/a
04/2024,Tax-Free Savings Account - US,WALMART INC (WMT ),54.0,59.35,3073.35,3204.9,1.0,1.36667001247406,WMT,Discount Stores
05/2024,Tax-Free Savings Account - US,Cash,0.0,0.0,161.15,161.15,1.0,1.368330001831055,CASH,Banks - Regional
05/2024,Tax-Free Savings Account - US,BOEING COMPANY (BA),3.0,177.61,721.68,532.83,1.0,1.368330001831055,BA,Aerospace & Defense
05/2024,Tax-Free Savings Account - US,COINBASE GLOBAL INC CL A (COIN ),3.0,225.92,1007.1,677.76,1.0,1.368330001831055,COIN,Financial Data & Stock Exchanges
05/2024,Tax-Free Savings Account - US,COSTCO WHOLESALE CORP (COST ),2.0,809.89,1015.91,1619.78,1.0,1.368330001831055,COST,Discount Stores
05/2024,Tax-Free Savings Account - US,INVESCO NASDAQ 100 ETF (QQQM ),25.0,185.87,4194.34,4646.75,1.0,1.368330001831055,QQQM,n/a
05/2024,Tax-Free Savings Account - US,PROSHS BITCOIN STRAT ETF (BITO ),11.0,27.28,485.47,300.08,1.0,1.368330001831055,BITO,n/a
05/2024,Tax-Free Savings Account - US,VANGUARD L T CORP BND ETF (VCLT ),18.0,75.94,1401.3,1366.92,1.0,1.368330001831055,VCLT,n/a
05/2024,Tax-Free Savings Account - US,WALMART INC (WMT ),54.0,65.76,3073.35,3551.04,1.0,1.368330001831055,WMT,Discount Stores
06/2025,Tax-Free Savings Account - CDN,Cash,0.0,0.0,36.79,36.79,0.730919361114502,1.0,CASH,Banks - Regional
06/2025,Tax-Free Savings Account - CDN,ALIMENTATION COUCHE TARD (ATD),14.125,67.69,1138.58,956.12,0.730919361114502,1.0,ATD,n/a
06/2025,Tax-Free Savings Account - CDN,GROUPE DYNAMITE INC SVS (GRGD ),56.0,26.25,1135.03,1470.0,0.730919361114502,1.0,GRGD,n/a
06/2025,Tax-Free Savings Account - CDN,LIGHTSPEED COMMERCE SVS (LSPD) COMPANY (LEVGQ ),10.0,15.98,897.59,159.8,0.730919361114502,1.0,LSPD,Software - Application
06/2025,Tax-Free Savings Account - CDN,SHOPIFY INC CL A SVS (SHOP ),8.0,157.06,993.99,1256.48,0.730919361114502,1.0,SHOP,Software - Application
06/2025,Tax-Free Savings Account - CDN,TORONTO DOMINION BANK (TD ) 4U US TFSA 0 00 0 00 TD 2 3 765RB1 J CDN TD TD (NAVPS) NAVPS A NL D LL FRAC TD NVS TD RS SVS RVS 3500 5 3 SEG L3R 2Z1 SFK (SEG) TD CIRO CIPF A 31 CDIC U S TFSA TFSA TFSA TD TD TD TD TD TD TD TMX TMX (TD) TD TMX TSX N D TMX N D TD TD TD TD TD 3 3 TD,11.0,100.16,1066.54,1101.76,0.730919361114502,1.0,TD,Banks - Diversified
10/2021,Tax-Free Savings Account - CDN,Cash,0.0,0.0,1.22,1.22,0.8099724054336548,1.0,CASH,Banks - Regional
10/2021,Tax-Free Savings Account - CDN,ISHRS CORE S P US TOT ETF (XUU),12.0,43.23,477.99,518.76,0.8099724054336548,1.0,XUU,n/a
10/2021,Tax-Free Savings Account - CDN,ISHARES JPM USD E M ETF (XEB),24.0,19.81,489.51,475.44,0.8099724054336548,1.0,XEB,n/a
11/2021,Tax-Free Savings Account - CDN,Cash,0.0,0.0,525.92,525.92,0.7850525975227356,1.0,CASH,Banks - Regional
11/2021,Tax-Free Savings Account - CDN,ISHRS CORE S P US TOT ETF (XUU),12.0,44.15,477.99,529.8,0.7850525975227356,1.0,XUU,n/a
11/2021,Tax-Free Savings Account - CDN,LIGHTSPEED COMMERCE SVS (LSPD),10.0,64.62,897.59,646.2,0.7850525975227356,1.0,LSPD,Software - Application
11/2021,Tax-Free Savings Account - CDN,LION ELECTRIC COMPANY (LEV ),32.0,14.08,512.39,450.56,0.7850525975227356,1.0,LEV,n/a
11/2021,Tax-Free Savings Account - CDN,ISHARES JPM USD E M ETF (XEB),24.0,19.38,489.51,465.12,0.7850525975227356,1.0,XEB,n/a
11/2021,Tax-Free Savings Account - CDN,TORONTO DOMINION BANK (TD ),11.0,90.15,1066.54,991.65,0.7850525975227356,1.0,TD,Banks - Diversified
12/2021,Tax-Free Savings Account - US,Cash,0.0,0.0,318.21,318.21,1.0,1.274440050125122,CASH,Banks - Regional
12/2021,Tax-Free Savings Account - US,BOEING COMPANY (BA),3.0,201.32,721.68,603.96,1.0,1.274440050125122,BA,Aerospace & Defense
12/2021,Tax-Free Savings Account - US,COINBASE GLOBAL INC CL A (COIN ),3.0,252.37,1007.1,757.11,1.0,1.274440050125122,COIN,Financial Data & Stock Exchanges
12/2021,Tax-Free Savings Account - US,PROSHS BITCOIN STRAT ETF (BITO ),11.0,24.24,485.47,266.64,1.0,1.274440050125122,BITO,n/a
12/2021,Tax-Free Savings Account - US,TWITTER INC (TWTR),15.0,43.22,635.19,648.3,1.0,1.274440050125122,TWTR,n/a
06/2022,Tax-Free Savings Account - CDN,Cash,0.0,0.0,754.39,754.39,0.77619868516922,1.0,CASH,Banks - Regional
06/2022,Tax-Free Savings Account - CDN,ISHRS CORE S P US TOT ETF (XUU),12.0,36.48,479.31,437.76,0.77619868516922,1.0,XUU,n/a
06/2022,Tax-Free Savings Account - CDN,LIGHTSPEED COMMERCE SVS (LSPD),10.0,28.7,897.59,287.0,0.77619868516922,1.0,LSPD,Software - Application
06/2022,Tax-Free Savings Account - CDN,LION ELECTRIC COMPANY (LEV ),32.0,5.42,512.39,173.44,0.77619868516922,1.0,LEV,n/a
06/2022,Tax-Free Savings Account - CDN,ISHARES JPM USD E M ETF (XEB),24.0,15.35,489.35,368.4,0.77619868516922,1.0,XEB,n/a
06/2022,Tax-Free Savings Account - CDN,SUNCOR ENERGY INC NEW (SU),25.0,45.16,1016.24,1129.0,0.77619868516922,1.0,SU,Oil & Gas Integrated
06/2022,Tax-Free Savings Account - CDN,TORONTO DOMINION BANK (TD ),11.0,84.41,1066.54,928.51,0.77619868516922,1.0,TD,Banks - Diversified
07/2022,Tax-Free Savings Account - CDN,Cash,0.0,0.0,755.83,755.83,0.7808229923248291,1.0,CASH,Banks - Regional
07/2022,Tax-Free Savings Account - CDN,ISHRS CORE S P US TOT ETF (XUU),12.0,39.52,479.31,474.24,0.7808229923248291,1.0,XUU,n/a
07/2022,Tax-Free Savings Account - CDN,LIGHTSPEED COMMERCE SVS (LSPD),10.0,27.48,897.59,274.8,0.7808229923248291,1.0,LSPD,Software - Application
07/2022,Tax-Free Savings Account - CDN,LION ELECTRIC COMPANY (LEV ),32.0,6.28,512.39,200.96,0.7808229923248291,1.0,LEV,n/a
07/2022,Tax-Free Savings Account - CDN,ISHARES JPM USD E M ETF (XEB),24.0,15.7,489.35,376.8,0.7808229923248291,1.0,XEB,n/a
07/2022,Tax-Free Savings Account - CDN,SUNCOR ENERGY INC NEW (SU),25.0,43.46,1016.24,1086.5,0.7808229923248291,1.0,SU,Oil & Gas Integrated
07/2022,Tax-Free Savings Account - CDN,TORONTO DOMINION BANK (TD ),11.0,83.18,1066.54,914.98,0.7808229923248291,1.0,TD,Banks - Diversified
04/2023,Tax-Free Savings Account - US,Cash,0.0,0.0,1765.27,1765.27,1.0,1.359969973564148,CASH,Banks - Regional
04/2023,Tax-Free Savings Account - US,BOEING COMPANY (BA),3.0,206.78,721.68,620.34,1.0,1.359969973564148,BA,Aerospace & Defense
04/2023,Tax-Free Savings Account - US,COINBASE GLOBAL INC CL A (COIN ),3.0,53.79,1007.1,161.37,1.0,1.359969973564148,COIN,Financial Data & Stock Exchanges
04/2023,Tax-Free Savings Account - US,COSTCO WHOLESALE CORP (COST ),2.0,503.22,1015.91,1006.44,1.0,1.359969973564148,COST,Discount Stores
04/2023,Tax-Free Savings Account - US,INVESCO NASDAQ 100 ETF (QQQM ),10.0,132.68,1508.99,1326.8,1.0,1.359969973564148,QQQM,n/a
04/2023,Tax-Free Savings Account - US,NETFLIX INC (NFLX ),3.0,329.93,1125.99,989.79,1.0,1.359969973564148,NFLX,Entertainment
04/2023,Tax-Free Savings Account - US,PROSHS BITCOIN STRAT ETF (BITO ),11.0,17.41,485.47,191.51,1.0,1.359969973564148,BITO,n/a
05/2023,Tax-Free Savings Account - US,Cash,0.0,0.0,1770.9,1770.9,1.0,1.359969973564148,CASH,Banks - Regional
05/2023,Tax-Free Savings Account - US,BOEING COMPANY (BA),3.0,205.7,721.68,617.1,1.0,1.359969973564148,BA,Aerospace & Defense
05/2023,Tax-Free Savings Account - US,COINBASE GLOBAL INC CL A (COIN ),3.0,62.2,1007.1,186.6,1.0,1.359969973564148,COIN,Financial Data & Stock Exchanges
05/2023,Tax-Free Savings Account - US,COSTCO WHOLESALE CORP (COST ),2.0,511.56,1015.91,1023.12,1.0,1.359969973564148,COST,Discount Stores
05/2023,Tax-Free Savings Account - US,INVESCO NASDAQ 100 ETF (QQQM ),10.0,143.09,1508.99,1430.9,1.0,1.359969973564148,QQQM,n/a
05/2023,Tax-Free Savings Account - US,NETFLIX INC (NFLX ),3.0,395.23,1125.99,1185.69,1.0,1.359969973564148,NFLX,Entertainment
05/2023,Tax-Free Savings Account - US,PROSHS BITCOIN STRAT ETF (BITO ),11.0,15.52,485.47,170.72,1.0,1.359969973564148,BITO,n/a
10/2024,Tax-Free Savings Account - CDN,Cash,0.0,0.0,22.62,22.62,0.7190106511116028,1.0,CASH,Banks - Regional
10/2024,Tax-Free Savings Account - CDN,ALIMENTATION COUCHE TARD (ATD),14.125,72.61,1138.58,1025.61,0.7190106511116028,1.0,ATD,n/a
10/2024,Tax-Free Savings Account - CDN,ISHRS CORE S P US TOT ETF (XUU),12.0,58.58,482.91,702.96,0.7190106511116028,1.0,XUU,n/a
10/2024,Tax-Free Savings Account - CDN,LIGHTSPEED COMMERCE SVS (LSPD),10.0,21.05,897.59,210.5,0.7190106511116028,1.0,LSPD,Software - Application
10/2024,Tax-Free Savings Account - CDN,LION ELECTRIC COMPANY (LEV ),32.0,0.85,512.39,27.2,0.7190106511116028,1.0,LEV,n/a
10/2024,Tax-Free Savings Account - CDN,ISHARES JPM USD E M ETF (XEB),24.0,15.99,488.59,383.76,0.7190106511116028,1.0,XEB,n/a
10/2024,Tax-Free Savings Account - CDN,SHOPIFY INC CL A SVS (SHOP ),8.0,108.92,993.99,871.36,0.7190106511116028,1.0,SHOP,Software - Application
10/2024,Tax-Free Savings Account - CDN,TORONTO DOMINION BANK (TD ),11.0,76.97,1066.54,846.67,0.7190106511116028,1.0,TD,Banks - Diversified
11/2024,Tax-Free Savings Account - CDN,Cash,0.0,0.0,6.89,6.89,0.7139185667037964,1.0,CASH,Banks - Regional
11/2024,Tax-Free Savings Account - CDN,ALIMENTATION COUCHE TARD (ATD),14.125,81.91,1138.58,1156.97,0.7139185667037964,1.0,ATD,n/a
11/2024,Tax-Free Savings Account - CDN,GROUPE DYNAMITE INC SVS (GRGD ),56.0,20.25,1135.03,1134.0,0.7139185667037964,1.0,GRGD,n/a
11/2024,Tax-Free Savings Account - CDN,LIGHTSPEED COMMERCE SVS (LSPD),10.0,26.25,897.59,262.5,0.7139185667037964,1.0,LSPD,Software - Application
11/2024,Tax-Free Savings Account - CDN,LION ELECTRIC COMPANY (LEV ),32.0,0.255,512.39,8.16,0.7139185667037964,1.0,LEV,n/a
11/2024,Tax-Free Savings Account - CDN,SHOPIFY INC CL A SVS (SHOP ),8.0,161.84,993.99,1294.72,0.7139185667037964,1.0,SHOP,Software - Application
11/2024,Tax-Free Savings Account - CDN,TORONTO DOMINION BANK (TD ),11.0,79.23,1066.54,871.53,0.7139185667037964,1.0,TD,Banks - Diversified
12/2024,Tax-Free Savings Account - US,Cash,0.0,0.0,47.03,47.03,1.0,1.434980034828186,CASH,Banks - Regional
12/2024,Tax-Free Savings Account - US,BITFARMS LTD (BITF ),665.06024,1.49,1389.99,990.93,1.0,1.434980034828186,BITF,Capital Markets
12/2024,Tax-Free Savings Account - US,BOEING COMPANY (BA),3.0,177.0,721.68,531.0,1.0,1.434980034828186,BA,Aerospace & Defense
12/2024,Tax-Free Savings Account - US,COINBASE GLOBAL INC CL A (COIN ),3.0,248.3,1007.1,744.9,1.0,1.434980034828186,COIN,Financial Data & Stock Exchanges
12/2024,Tax-Free Savings Account - US,INVESCO NASDAQ 100 ETF (QQQM ),25.0,210.45,4194.34,5261.25,1.0,1.434980034828186,QQQM,n/a
12/2024,Tax-Free Savings Account - US,MICROSOFT CORP (MSFT ),4.86,421.5,2040.28,2048.49,1.0,1.434980034828186,MSFT,Software - Infrastructure
12/2024,Tax-Free Savings Account - US,PROSHARES BITCOIN ETF (BITO ),11.0,22.78,485.47,250.58,1.0,1.434980034828186,BITO,n/a
12/2024,Tax-Free Savings Account - US,WALMART INC (WMT ),54.0,90.35,3073.35,4878.9,1.0,1.434980034828186,WMT,Discount Stores
05/2022,Tax-Free Savings Account - US,Cash,0.0,0.0,262.62,262.62,1.0,1.2655199766159058,CASH,Banks - Regional
05/2022,Tax-Free Savings Account - US,BOEING COMPANY (BA),3.0,131.4,721.68,394.2,1.0,1.2655199766159058,BA,Aerospace & Defense
05/2022,Tax-Free Savings Account - US,COINBASE GLOBAL INC CL A (COIN ),3.0,78.1,1007.1,234.3,1.0,1.2655199766159058,COIN,Financial Data & Stock Exchanges
05/2022,Tax-Free Savings Account - US,COSTCO WHOLESALE CORP (COST ),2.0,466.22,1015.91,932.44,1.0,1.2655199766159058,COST,Discount Stores
05/2022,Tax-Free Savings Account - US,INVESCO NASDAQ 100 ETF (QQQM ),10.0,126.94,1508.99,1269.4,1.0,1.2655199766159058,QQQM,n/a
05/2022,Tax-Free Savings Account - US,NETFLIX INC (NFLX ),3.0,197.44,1125.99,592.32,1.0,1.2655199766159058,NFLX,Entertainment
05/2022,Tax-Free Savings Account - US,PROSHS BITCOIN STRAT ETF (BITO ),11.0,19.64,485.47,216.04,1.0,1.2655199766159058,BITO,n/a
05/2022,Tax-Free Savings Account - US,TWITTER INC (TWTR),15.0,39.6,635.19,594.0,1.0,1.2655199766159058,TWTR,n/a
04/2022,Tax-Free Savings Account - US,Cash,0.0,0.0,261.09,261.09,1.0,1.280460000038147,CASH,Banks - Regional
04/2022,Tax-Free Savings Account - US,BOEING COMPANY (BA),3.0,148.84,721.68,446.52,1.0,1.280460000038147,BA,Aerospace & Defense
04/2022,Tax-Free Savings Account - US,COINBASE GLOBAL INC CL A (COIN ),3.0,112.71,1007.1,338.13,1.0,1.280460000038147,COIN,Financial Data & Stock Exchanges
04/2022,Tax-Free Savings Account - US,COSTCO WHOLESALE CORP (COST ),2.0,531.72,1015.91,1063.44,1.0,1.280460000038147,COST,Discount Stores
04/2022,Tax-Free Savings Account - US,INVESCO NASDAQ 100 ETF (QQQM ),10.0,128.94,1508.99,1289.4,1.0,1.280460000038147,QQQM,n/a
04/2022,Tax-Free Savings Account - US,NETFLIX INC (NFLX ),3.0,190.36,1125.99,571.08,1.0,1.280460000038147,NFLX,Entertainment
04/2022,Tax-Free Savings Account - US,PROSHS BITCOIN STRAT ETF (BITO ),11.0,23.855,485.47,262.4,1.0,1.280460000038147,BITO,n/a
04/2022,Tax-Free Savings Account - US,TWITTER INC (TWTR),15.0,49.02,635.19,735.3,1.0,1.280460000038147,TWTR,n/a
07/2023,Tax-Free Savings Account - CDN,Cash,0.0,0.0,180.13,180.13,0.7546600699424744,1.0,CASH,Banks - Regional
07/2023,Tax-Free Savings Account - CDN,ISHRS CORE S P US TOT ETF (XUU),12.0,44.99,482.96,539.88,0.7546600699424744,1.0,XUU,n/a
07/2023,Tax-Free Savings Account - CDN,LIGHTSPEED COMMERCE SVS (LSPD),10.0,23.17,897.59,231.7,0.7546600699424744,1.0,LSPD,Software - Application
07/2023,Tax-Free Savings Account - CDN,LION ELECTRIC COMPANY (LEV ),32.0,3.46,512.39,110.72,0.7546600699424744,1.0,LEV,n/a
07/2023,Tax-Free Savings Account - CDN,ISHARES JPM USD E M ETF (XEB),24.0,15.55,488.72,373.2,0.7546600699424744,1.0,XEB,n/a
07/2023,Tax-Free Savings Account - CDN,SUNCOR ENERGY INC NEW (SU),25.0,41.26,1016.24,1031.5,0.7546600699424744,1.0,SU,Oil & Gas Integrated
07/2023,Tax-Free Savings Account - CDN,TORONTO DOMINION BANK (TD ),11.0,86.96,1066.54,956.56,0.7546600699424744,1.0,TD,Banks - Diversified
06/2023,Tax-Free Savings Account - CDN,Cash,0.0,0.0,168.37,168.37,0.7547169327735901,1.0,CASH,Banks - Regional
06/2023,Tax-Free Savings Account - CDN,ISHRS CORE S P US TOT ETF (XUU),12.0,43.67,482.96,524.04,0.7547169327735901,1.0,XUU,n/a
06/2023,Tax-Free Savings Account - CDN,LIGHTSPEED COMMERCE SVS (LSPD),10.0,22.41,897.59,224.1,0.7547169327735901,1.0,LSPD,Software - Application
06/2023,Tax-Free Savings Account - CDN,LION ELECTRIC COMPANY (LEV ),32.0,2.45,512.39,78.4,0.7547169327735901,1.0,LEV,n/a
06/2023,Tax-Free Savings Account - CDN,ISHARES JPM USD E M ETF (XEB),24.0,15.34,488.72,368.16,0.7547169327735901,1.0,XEB,n/a
06/2023,Tax-Free Savings Account - CDN,SUNCOR ENERGY INC NEW (SU),25.0,38.86,1016.24,971.5,0.7547169327735901,1.0,SU,Oil & Gas Integrated
06/2023,Tax-Free Savings Account - CDN,TORONTO DOMINION BANK (TD ),11.0,82.11,1066.54,903.21,0.7547169327735901,1.0,TD,Banks - Diversified
07/2021,Tax-Free Savings Account - CDN,Cash,0.0,0.0,37.47,37.47,0.8032580018043518,1.0,CASH,Banks - Regional
07/2021,Tax-Free Savings Account - CDN,ISHRS CORE S P US TOT ETF (XUU),12.0,41.7,477.99,500.4,0.8032580018043518,1.0,XUU,n/a
07/2021,Tax-Free Savings Account - CDN,ISHARES JPM USD E M ETF (XEB),24.0,20.31,489.51,487.44,0.8032580018043518,1.0,XEB,n/a
06/2021,Tax-Free Savings Account - CDN,Cash,0.0,0.0,36.2,36.2,0.8066988587379456,1.0,CASH,Banks - Regional
06/2021,Tax-Free Savings Account - CDN,ISHRS CORE S P US TOT ETF (XUU),12.0,40.66,477.99,487.92,0.8066988587379456,1.0,XUU,n/a
06/2021,Tax-Free Savings Account - CDN,ISHARES JPM USD E M ETF (XEB),24.0,20.27,489.51,486.48,0.8066988587379456,1.0,XEB,n/a
06/2025,Tax-Free Savings Account - US,Cash,0.0,0.0,46.01,46.01,1.0,1.3681399822235107,CASH,Banks - Regional
06/2025,Tax-Free Savings Account - US,BITFARMS LTD (BITF ) FOREIGN COMMON SHARES,665.06024,0.84,1389.99,558.65,1.0,1.3681399822235107,BITF,Capital Markets
06/2025,Tax-Free Savings Account - US,ALPHABET INC CL A (GOOGL ),11.7578,176.23,1998.99,2072.07,1.0,1.3681399822235107,GOOGL,Internet Content & Information
06/2025,Tax-Free Savings Account - US,INVESCO NASDAQ 100 ETF (QQQM ),15.30867,227.1,2568.39,3476.59,1.0,1.3681399822235107,QQQM,n/a
06/2025,Tax-Free Savings Account - US,MICROSOFT CORP (MSFT ),4.86,497.41,2040.28,2417.41,1.0,1.3681399822235107,MSFT,Software - Infrastructure
06/2025,Tax-Free Savings Account - US,PROSHARES BITCOIN ETF (BITO ),11.0,21.51,485.47,236.61,1.0,1.3681399822235107,BITO,n/a
06/2025,Tax-Free Savings Account - US,SOUTHWEST AIRLINES CO (LUV ),46.10554,32.44,1589.99,1495.66,1.0,1.3681399822235107,LUV,Airlines
06/2025,Tax-Free Savings Account - US,TARGET CORP (TGT ),17.96994,98.65,2224.83,1772.73,1.0,1.3681399822235107,TGT,Discount Stores
06/2025,Tax-Free Savings Account - US,UNITED HEALTH GROUP INC (UNH),6.54892,311.97,1799.96,2043.06,1.0,1.3681399822235107,UNH,Healthcare Plans
06/2025,Tax-Free Savings Account - US,WALMART INC (WMT ) 3 99 30 46 01 49 45 54 15 TD 3 4 765RB1 K US TD TD (NAVPS) NAVPS A NL D LL FRAC TD NVS TD RS SVS RVS 3500 5 3 SEG L3R 2Z1 SFK (SEG) TD CIRO CIPF A 31 CDIC U S TFSA TFSA TFSA TD TD TD TD TD TD TD TMX TMX (TD) TD TMX TSX N D TMX N D TD TD TD TD TD 4 4 TD,9.437,97.78,537.1,922.74,1.0,1.3681399822235107,WMT,Discount Stores
04/2021,Tax-Free Savings Account - US,Cash,0.0,0.0,163.92,163.92,1.0,1.227620005607605,CASH,Banks - Regional
04/2021,Tax-Free Savings Account - US,BOEING COMPANY (BA),3.0,234.31,721.68,702.93,1.0,1.227620005607605,BA,Aerospace & Defense
04/2021,Tax-Free Savings Account - US,COINBASE GLOBAL INC CL A (COIN ),3.0,297.64,1007.1,892.92,1.0,1.227620005607605,COIN,Financial Data & Stock Exchanges
05/2021,Tax-Free Savings Account - US,Cash,0.0,0.0,163.92,163.92,1.0,1.2077800035476685,CASH,Banks - Regional
05/2021,Tax-Free Savings Account - US,BOEING COMPANY (BA),3.0,247.02,721.68,741.06,1.0,1.2077800035476685,BA,Aerospace & Defense
05/2021,Tax-Free Savings Account - US,COINBASE GLOBAL INC CL A (COIN ),3.0,236.54,1007.1,709.62,1.0,1.2077800035476685,COIN,Financial Data & Stock Exchanges
09/2024,Tax-Free Savings Account - CDN,Cash,0.0,0.0,10.1,10.1,0.7402582168579102,1.0,CASH,Banks - Regional
09/2024,Tax-Free Savings Account - CDN,ALIMENTATION COUCHE TARD (ATD),14.125,74.77,1138.58,1056.12,0.7402582168579102,1.0,ATD,n/a
09/2024,Tax-Free Savings Account - CDN,ISHRS CORE S P US TOT ETF (XUU),12.0,57.35,482.91,688.2,0.7402582168579102,1.0,XUU,n/a
09/2024,Tax-Free Savings Account - CDN,LIGHTSPEED COMMERCE SVS (LSPD),10.0,22.3,897.59,223.0,0.7402582168579102,1.0,LSPD,Software - Application
09/2024,Tax-Free Savings Account - CDN,LION ELECTRIC COMPANY (LEV ),32.0,0.92,512.39,29.44,0.7402582168579102,1.0,LEV,n/a
09/2024,Tax-Free Savings Account - CDN,ISHARES JPM USD E M ETF (XEB),24.0,16.44,488.59,394.56,0.7402582168579102,1.0,XEB,n/a
09/2024,Tax-Free Savings Account - CDN,SHOPIFY INC CL A SVS (SHOP ),8.0,108.35,993.99,866.8,0.7402582168579102,1.0,SHOP,Software - Application
09/2024,Tax-Free Savings Account - CDN,TORONTO DOMINION BANK (TD ),11.0,85.52,1066.54,940.72,0.7402582168579102,1.0,TD,Banks - Diversified
08/2024,Tax-Free Savings Account - CDN,Cash,0.0,0.0,4.52,4.52,0.7413393259048462,1.0,CASH,Banks - Regional
08/2024,Tax-Free Savings Account - CDN,ALIMENTATION COUCHE TARD (ATD),14.125,76.93,1138.58,1086.63,0.7413393259048462,1.0,ATD,n/a
08/2024,Tax-Free Savings Account - CDN,ISHRS CORE S P US TOT ETF (XUU),12.0,56.18,482.91,674.16,0.7413393259048462,1.0,XUU,n/a
08/2024,Tax-Free Savings Account - CDN,LIGHTSPEED COMMERCE SVS (LSPD),10.0,17.38,897.59,173.8,0.7413393259048462,1.0,LSPD,Software - Application
08/2024,Tax-Free Savings Account - CDN,LION ELECTRIC COMPANY (LEV ),32.0,1.01,512.39,32.32,0.7413393259048462,1.0,LEV,n/a
08/2024,Tax-Free Savings Account - CDN,ISHARES JPM USD E M ETF (XEB),24.0,16.19,488.59,388.56,0.7413393259048462,1.0,XEB,n/a
08/2024,Tax-Free Savings Account - CDN,SHOPIFY INC CL A SVS (SHOP ),8.0,99.81,993.99,798.48,0.7413393259048462,1.0,SHOP,Software - Application
08/2024,Tax-Free Savings Account - CDN,TORONTO DOMINION BANK (TD ),11.0,80.75,1066.54,888.25,0.7413393259048462,1.0,TD,Banks - Diversified
01/2025,Tax-Free Savings Account - US,Cash,0.0,0.0,2.45,2.45,1.0,1.4493000507354736,CASH,Banks - Regional
01/2025,Tax-Free Savings Account - US,BITFARMS LTD (BITF ),665.06024,1.45,1389.99,964.33,1.0,1.4493000507354736,BITF,Capital Markets
01/2025,Tax-Free Savings Account - US,BOEING COMPANY (BA),3.0,176.52,721.68,529.56,1.0,1.4493000507354736,BA,Aerospace & Defense
01/2025,Tax-Free Savings Account - US,COINBASE GLOBAL INC CL A (COIN ),3.0,291.33,1007.1,873.99,1.0,1.4493000507354736,COIN,Financial Data & Stock Exchanges
01/2025,Tax-Free Savings Account - US,INVESCO NASDAQ 100 ETF (QQQM ),25.0,214.99,4194.34,5374.75,1.0,1.4493000507354736,QQQM,n/a
01/2025,Tax-Free Savings Account - US,MICROSOFT CORP (MSFT ),4.86,415.06,2040.28,2017.19,1.0,1.4493000507354736,MSFT,Software - Infrastructure
01/2025,Tax-Free Savings Account - US,PROSHARES BITCOIN ETF (BITO ),11.0,24.59,485.47,270.49,1.0,1.4493000507354736,BITO,n/a
01/2025,Tax-Free Savings Account - US,SOUTHWEST AIRLINES CO (LUV ),46.10554,30.71,1589.99,1415.9,1.0,1.4493000507354736,LUV,Airlines
01/2025,Tax-Free Savings Account - US,TARGET CORP (TGT ),11.31319,137.91,1584.99,1560.2,1.0,1.4493000507354736,TGT,Discount Stores
01/2025,Tax-Free Savings Account - US,WALMART INC (WMT ),20.0,98.16,1138.28,1963.2,1.0,1.4493000507354736,WMT,Discount Stores
03/2024,Tax-Free Savings Account - CDN,Cash,0.0,0.0,88.25,88.25,0.7387706637382507,1.0,CASH,Banks - Regional
03/2024,Tax-Free Savings Account - CDN,BITFARMS LTD (BITF ),300.0,3.01,604.61,903.0,0.7387706637382507,1.0,BITF,Capital Markets
03/2024,Tax-Free Savings Account - CDN,ISHRS CORE S P US TOT ETF (XUU),12.0,52.74,482.96,632.88,0.7387706637382507,1.0,XUU,n/a
03/2024,Tax-Free Savings Account - CDN,LIGHTSPEED COMMERCE SVS (LSPD),10.0,19.05,897.59,190.5,0.7387706637382507,1.0,LSPD,Software - Application
03/2024,Tax-Free Savings Account - CDN,LION ELECTRIC COMPANY (LEV ),32.0,1.93,512.39,61.76,0.7387706637382507,1.0,LEV,n/a
03/2024,Tax-Free Savings Account - CDN,ISHARES JPM USD E M ETF (XEB),24.0,15.79,488.72,378.96,0.7387706637382507,1.0,XEB,n/a
03/2024,Tax-Free Savings Account - CDN,SHOPIFY INC CL A SVS (SHOP ),8.0,104.5,993.99,836.0,0.7387706637382507,1.0,SHOP,Software - Application
03/2024,Tax-Free Savings Account - CDN,TORONTO DOMINION BANK (TD ),11.0,81.75,1066.54,899.25,0.7387706637382507,1.0,TD,Banks - Diversified
02/2024,Tax-Free Savings Account - CDN,Cash,0.0,0.0,85.46,85.46,0.7365126013755798,1.0,CASH,Banks - Regional
02/2024,Tax-Free Savings Account - CDN,BITFARMS LTD (BITF ),300.0,3.89,604.61,1167.0,0.7365126013755798,1.0,BITF,Capital Markets
02/2024,Tax-Free Savings Account - CDN,ISHRS CORE S P US TOT ETF (XUU),12.0,51.33,482.96,615.96,0.7365126013755798,1.0,XUU,n/a
02/2024,Tax-Free Savings Account - CDN,LIGHTSPEED COMMERCE SVS (LSPD),10.0,19.05,897.59,190.5,0.7365126013755798,1.0,LSPD,Software - Application
02/2024,Tax-Free Savings Account - CDN,LION ELECTRIC COMPANY (LEV ),32.0,1.99,512.39,63.68,0.7365126013755798,1.0,LEV,n/a
02/2024,Tax-Free Savings Account - CDN,ISHARES JPM USD E M ETF (XEB),24.0,15.55,488.72,373.2,0.7365126013755798,1.0,XEB,n/a
02/2024,Tax-Free Savings Account - CDN,SHOPIFY INC CL A SVS (SHOP ),8.0,103.69,993.99,829.52,0.7365126013755798,1.0,SHOP,Software - Application
02/2024,Tax-Free Savings Account - CDN,TORONTO DOMINION BANK (TD ),11.0,81.49,1066.54,896.39,0.7365126013755798,1.0,TD,Banks - Diversified
02/2025,Tax-Free Savings Account - CDN,Cash,0.0,0.0,22.49,22.49,0.6923529505729675,1.0,CASH,Banks - Regional
02/2025,Tax-Free Savings Account - CDN,ALIMENTATION COUCHE TARD (ATD),14.125,71.93,1138.58,1016.01,0.6923529505729675,1.0,ATD,n/a
02/2025,Tax-Free Savings Account - CDN,GROUPE DYNAMITE INC SVS (GRGD ),56.0,15.45,1135.03,865.2,0.6923529505729675,1.0,GRGD,n/a
02/2025,Tax-Free Savings Account - CDN,LIGHTSPEED COMMERCE SVS (LSPD) COMPANY (LEVGQ ),10.0,18.26,897.59,182.6,0.6923529505729675,1.0,LSPD,Software - Application
02/2025,Tax-Free Savings Account - CDN,SHOPIFY INC CL A SVS (SHOP ),8.0,162.04,993.99,1296.32,0.6923529505729675,1.0,SHOP,Software - Application
02/2025,Tax-Free Savings Account - CDN,TORONTO DOMINION BANK (TD ),11.0,86.64,1066.54,953.04,0.6923529505729675,1.0,TD,Banks - Diversified
03/2025,Tax-Free Savings Account - CDN,Cash,0.0,0.0,22.49,22.49,0.698855996131897,1.0,CASH,Banks - Regional
03/2025,Tax-Free Savings Account - CDN,ALIMENTATION COUCHE TARD (ATD),14.125,70.97,1138.58,1002.45,0.698855996131897,1.0,ATD,n/a
03/2025,Tax-Free Savings Account - CDN,GROUPE DYNAMITE INC SVS (GRGD ),56.0,13.71,1135.03,767.76,0.698855996131897,1.0,GRGD,n/a
03/2025,Tax-Free Savings Account - CDN,LIGHTSPEED COMMERCE SVS (LSPD) COMPANY (LEVGQ ),10.0,12.59,897.59,125.9,0.698855996131897,1.0,LSPD,Software - Application
03/2025,Tax-Free Savings Account - CDN,SHOPIFY INC CL A SVS (SHOP ),8.0,136.9,993.99,1095.2,0.698855996131897,1.0,SHOP,Software - Application
03/2025,Tax-Free Savings Account - CDN,TORONTO DOMINION BANK (TD ),11.0,86.23,1066.54,948.53,0.698855996131897,1.0,TD,Banks - Diversified
01/2024,Tax-Free Savings Account - US,Cash,0.0,0.0,183.55,183.55,1.0,1.3401700258255005,CASH,Banks - Regional
01/2024,Tax-Free Savings Account - US,BMO MICRO FANG+TM ETN NEW (FNGU ),19.0,251.71,4193.79,4782.49,1.0,1.3401700258255005,FNGU,n/a
01/2024,Tax-Free Savings Account - US,BOEING COMPANY (BA),3.0,211.04,721.68,633.12,1.0,1.3401700258255005,BA,Aerospace & Defense
01/2024,Tax-Free Savings Account - US,COINBASE GLOBAL INC CL A (COIN ),3.0,128.2,1007.1,384.6,1.0,1.3401700258255005,COIN,Financial Data & Stock Exchanges
01/2024,Tax-Free Savings Account - US,COSTCO WHOLESALE CORP (COST ),2.0,694.88,1015.91,1389.76,1.0,1.3401700258255005,COST,Discount Stores
01/2024,Tax-Free Savings Account - US,INVESCO NASDAQ 100 ETF (QQQM ),10.0,171.61,1508.99,1716.1,1.0,1.3401700258255005,QQQM,n/a
01/2024,Tax-Free Savings Account - US,ISHARES 1 5Y I G CORP BND (IGSB ),25.0,51.48,1286.12,1287.0,1.0,1.3401700258255005,IGSB,n/a
01/2024,Tax-Free Savings Account - US,PROSHS BITCOIN STRAT ETF (BITO ),11.0,20.52,485.47,225.72,1.0,1.3401700258255005,BITO,n/a
08/2022,Tax-Free Savings Account - CDN,Cash,0.0,0.0,767.06,767.06,0.7639711499214172,1.0,CASH,Banks - Regional
08/2022,Tax-Free Savings Account - CDN,ISHRS CORE S P US TOT ETF (XUU),12.0,38.76,479.31,465.12,0.7639711499214172,1.0,XUU,n/a
08/2022,Tax-Free Savings Account - CDN,LIGHTSPEED COMMERCE SVS (LSPD),10.0,25.13,897.59,251.3,0.7639711499214172,1.0,LSPD,Software - Application
08/2022,Tax-Free Savings Account - CDN,LION ELECTRIC COMPANY (LEV ),32.0,5.04,512.39,161.28,0.7639711499214172,1.0,LEV,n/a
08/2022,Tax-Free Savings Account - CDN,ISHARES JPM USD E M ETF (XEB),24.0,15.35,489.35,368.4,0.7639711499214172,1.0,XEB,n/a
08/2022,Tax-Free Savings Account - CDN,SUNCOR ENERGY INC NEW (SU),25.0,42.49,1016.24,1062.25,0.7639711499214172,1.0,SU,Oil & Gas Integrated
08/2022,Tax-Free Savings Account - CDN,TORONTO DOMINION BANK (TD ),11.0,84.49,1066.54,929.39,0.7639711499214172,1.0,TD,Banks - Diversified
09/2022,Tax-Free Savings Account - CDN,Cash,0.0,0.0,781.49,781.49,0.7312881350517273,1.0,CASH,Banks - Regional
09/2022,Tax-Free Savings Account - CDN,ISHRS CORE S P US TOT ETF (XUU),12.0,37.06,479.31,444.72,0.7312881350517273,1.0,XUU,n/a
09/2022,Tax-Free Savings Account - CDN,LIGHTSPEED COMMERCE SVS (LSPD),10.0,24.31,897.59,243.1,0.7312881350517273,1.0,LSPD,Software - Application
09/2022,Tax-Free Savings Account - CDN,LION ELECTRIC COMPANY (LEV ),32.0,3.92,512.39,125.44,0.7312881350517273,1.0,LEV,n/a
09/2022,Tax-Free Savings Account - CDN,ISHARES JPM USD E M ETF (XEB),24.0,14.14,489.35,339.36,0.7312881350517273,1.0,XEB,n/a
09/2022,Tax-Free Savings Account - CDN,SUNCOR ENERGY INC NEW (SU),25.0,38.9,1016.24,972.5,0.7312881350517273,1.0,SU,Oil & Gas Integrated
09/2022,Tax-Free Savings Account - CDN,TORONTO DOMINION BANK (TD ),11.0,84.72,1066.54,931.92,0.7312881350517273,1.0,TD,Banks - Diversified
09/2023,Tax-Free Savings Account - CDN,Cash,0.0,0.0,197.26,197.26,0.7412348985671997,1.0,CASH,Banks - Regional
09/2023,Tax-Free Savings Account - CDN,ISHRS CORE S P US TOT ETF (XUU),12.0,43.24,482.96,518.88,0.7412348985671997,1.0,XUU,n/a
09/2023,Tax-Free Savings Account - CDN,LIGHTSPEED COMMERCE SVS (LSPD),10.0,19.08,897.59,190.8,0.7412348985671997,1.0,LSPD,Software - Application
09/2023,Tax-Free Savings Account - CDN,LION ELECTRIC COMPANY (LEV ),32.0,2.58,512.39,82.56,0.7412348985671997,1.0,LEV,n/a
09/2023,Tax-Free Savings Account - CDN,ISHARES JPM USD E M ETF (XEB),24.0,14.61,488.72,350.64,0.7412348985671997,1.0,XEB,n/a
09/2023,Tax-Free Savings Account - CDN,SUNCOR ENERGY INC NEW (SU),25.0,46.71,1016.24,1167.75,0.7412348985671997,1.0,SU,Oil & Gas Integrated
09/2023,Tax-Free Savings Account - CDN,TORONTO DOMINION BANK (TD ),11.0,81.83,1066.54,900.13,0.7412348985671997,1.0,TD,Banks - Diversified
08/2023,Tax-Free Savings Account - CDN,Cash,0.0,0.0,181.33,181.33,0.7388088703155518,1.0,CASH,Banks - Regional
08/2023,Tax-Free Savings Account - CDN,ISHRS CORE S P US TOT ETF (XUU),12.0,45.29,482.96,543.48,0.7388088703155518,1.0,XUU,n/a
08/2023,Tax-Free Savings Account - CDN,LIGHTSPEED COMMERCE SVS (LSPD),10.0,22.06,897.59,220.6,0.7388088703155518,1.0,LSPD,Software - Application
08/2023,Tax-Free Savings Account - CDN,LION ELECTRIC COMPANY (LEV ),32.0,2.95,512.39,94.4,0.7388088703155518,1.0,LEV,n/a
08/2023,Tax-Free Savings Account - CDN,ISHARES JPM USD E M ETF (XEB),24.0,15.18,488.72,364.32,0.7388088703155518,1.0,XEB,n/a
08/2023,Tax-Free Savings Account - CDN,SUNCOR ENERGY INC NEW (SU),25.0,45.77,1016.24,1144.25,0.7388088703155518,1.0,SU,Oil & Gas Integrated
08/2023,Tax-Free Savings Account - CDN,TORONTO DOMINION BANK (TD ),11.0,82.42,1066.54,906.62,0.7388088703155518,1.0,TD,Banks - Diversified
01/2023,Tax-Free Savings Account - US,Cash,0.0,0.0,1603.04,1603.04,1.0,1.338379979133606,CASH,Banks - Regional
01/2023,Tax-Free Savings Account - US,BOEING COMPANY (BA),3.0,213.0,721.68,639.0,1.0,1.338379979133606,BA,Aerospace & Defense
01/2023,Tax-Free Savings Account - US,COINBASE GLOBAL INC CL A (COIN ),3.0,58.48,1007.1,175.44,1.0,1.338379979133606,COIN,Financial Data & Stock Exchanges
01/2023,Tax-Free Savings Account - US,COSTCO WHOLESALE CORP (COST ),2.0,511.14,1015.91,1022.28,1.0,1.338379979133606,COST,Discount Stores
01/2023,Tax-Free Savings Account - US,INVESCO NASDAQ 100 ETF (QQQM ),10.0,121.22,1508.99,1212.2,1.0,1.338379979133606,QQQM,n/a
01/2023,Tax-Free Savings Account - US,NETFLIX INC (NFLX ),3.0,353.86,1125.99,1061.58,1.0,1.338379979133606,NFLX,Entertainment
01/2023,Tax-Free Savings Account - US,PROSHS BITCOIN STRAT ETF (BITO ),11.0,14.63,485.47,160.93,1.0,1.338379979133606,BITO,n/a
02/2022,Tax-Free Savings Account - CDN,Cash,0.0,0.0,741.29,741.29,0.7839940190315247,1.0,CASH,Banks - Regional
02/2022,Tax-Free Savings Account - CDN,ISHRS CORE S P US TOT ETF (XUU),12.0,41.75,477.99,501.0,0.7839940190315247,1.0,XUU,n/a
02/2022,Tax-Free Savings Account - CDN,LIGHTSPEED COMMERCE SVS (LSPD),10.0,33.3,897.59,333.0,0.7839940190315247,1.0,LSPD,Software - Application
02/2022,Tax-Free Savings Account - CDN,LION ELECTRIC COMPANY (LEV ),32.0,10.26,512.39,328.32,0.7839940190315247,1.0,LEV,n/a
02/2022,Tax-Free Savings Account - CDN,ISHARES JPM USD E M ETF (XEB),24.0,17.9,489.51,429.6,0.7839940190315247,1.0,XEB,n/a
02/2022,Tax-Free Savings Account - CDN,TORONTO DOMINION BANK (TD ),11.0,102.28,1066.54,1125.08,0.7839940190315247,1.0,TD,Banks - Diversified
03/2022,Tax-Free Savings Account - CDN,Cash,0.0,0.0,727.75,727.75,0.8011344075202942,1.0,CASH,Banks - Regional
03/2022,Tax-Free Savings Account - CDN,ISHRS CORE S P US TOT ETF (XUU),12.0,42.51,479.47,510.12,0.8011344075202942,1.0,XUU,n/a
03/2022,Tax-Free Savings Account - CDN,LIGHTSPEED COMMERCE SVS (LSPD),10.0,38.13,897.59,381.3,0.8011344075202942,1.0,LSPD,Software - Application
03/2022,Tax-Free Savings Account - CDN,LION ELECTRIC COMPANY (LEV ),32.0,10.5,512.39,336.0,0.8011344075202942,1.0,LEV,n/a
03/2022,Tax-Free Savings Account - CDN,ISHARES JPM USD E M ETF (XEB),24.0,17.62,489.51,422.88,0.8011344075202942,1.0,XEB,n/a
03/2022,Tax-Free Savings Account - CDN,SUNCOR ENERGY INC NEW (SU),25.0,40.7,1016.24,1017.5,0.8011344075202942,1.0,SU,Oil & Gas Integrated
03/2022,Tax-Free Savings Account - CDN,TORONTO DOMINION BANK (TD ),11.0,99.19,1066.54,1091.09,0.8011344075202942,1.0,TD,Banks - Diversified
09/2021,Tax-Free Savings Account - CDN,Cash,0.0,0.0,38.74,38.74,0.7840800285339355,1.0,CASH,Banks - Regional
09/2021,Tax-Free Savings Account - CDN,ISHRS CORE S P US TOT ETF (XUU),12.0,41.5,477.99,498.0,0.7840800285339355,1.0,XUU,n/a
09/2021,Tax-Free Savings Account - CDN,ISHARES JPM USD E M ETF (XEB),24.0,19.84,489.51,476.16,0.7840800285339355,1.0,XEB,n/a
08/2021,Tax-Free Savings Account - CDN,Cash,0.0,0.0,38.74,38.74,0.7930905818939209,1.0,CASH,Banks - Regional
08/2021,Tax-Free Savings Account - CDN,ISHRS CORE S P US TOT ETF (XUU),12.0,43.35,477.99,520.2,0.7930905818939209,1.0,XUU,n/a
08/2021,Tax-Free Savings Account - CDN,ISHARES JPM USD E M ETF (XEB),24.0,20.43,489.51,490.32,0.7930905818939209,1.0,XEB,n/a
03/2023,Tax-Free Savings Account - CDN,Cash,0.0,0.0,4139.58,4139.58,0.7395410537719727,1.0,CASH,Banks - Regional
03/2023,Tax-Free Savings Account - CDN,ISHRS CORE S P US TOT ETF (XUU),12.0,41.24,483.22,494.88,0.7395410537719727,1.0,XUU,n/a
03/2023,Tax-Free Savings Account - CDN,LIGHTSPEED COMMERCE SVS (LSPD),10.0,20.55,897.59,205.5,0.7395410537719727,1.0,LSPD,Software - Application
03/2023,Tax-Free Savings Account - CDN,LION ELECTRIC COMPANY (LEV ),32.0,2.52,512.39,80.64,0.7395410537719727,1.0,LEV,n/a
03/2023,Tax-Free Savings Account - CDN,ISHARES JPM USD E M ETF (XEB),24.0,15.36,489.35,368.64,0.7395410537719727,1.0,XEB,n/a
03/2023,Tax-Free Savings Account - CDN,SUNCOR ENERGY INC NEW (SU),25.0,41.96,1016.24,1049.0,0.7395410537719727,1.0,SU,Oil & Gas Integrated
03/2023,Tax-Free Savings Account - CDN,TORONTO DOMINION BANK (TD ),11.0,80.95,1066.54,890.45,0.7395410537719727,1.0,TD,Banks - Diversified
02/2023,Tax-Free Savings Account - CDN,Cash,0.0,0.0,123.54,123.54,0.736702561378479,1.0,CASH,Banks - Regional
02/2023,Tax-Free Savings Account - CDN,ISHRS CORE S P US TOT ETF (XUU),12.0,40.68,479.31,488.16,0.736702561378479,1.0,XUU,n/a
02/2023,Tax-Free Savings Account - CDN,LIGHTSPEED COMMERCE SVS (LSPD),10.0,20.86,897.59,208.6,0.736702561378479,1.0,LSPD,Software - Application
02/2023,Tax-Free Savings Account - CDN,LION ELECTRIC COMPANY (LEV ),32.0,3.1,512.39,99.2,0.736702561378479,1.0,LEV,n/a
02/2023,Tax-Free Savings Account - CDN,ISHARES JPM USD E M ETF (XEB),24.0,15.17,489.35,364.08,0.736702561378479,1.0,XEB,n/a
02/2023,Tax-Free Savings Account - CDN,SUNCOR ENERGY INC NEW (SU),25.0,45.86,1016.24,1146.5,0.736702561378479,1.0,SU,Oil & Gas Integrated
02/2023,Tax-Free Savings Account - CDN,TORONTO DOMINION BANK (TD ),11.0,90.85,1066.54,999.35,0.736702561378479,1.0,TD,Banks - Diversified
01/2022,Tax-Free Savings Account - US,Cash,0.0,0.0,218.59,218.59,1.0,1.2759100198745728,CASH,Banks - Regional
01/2022,Tax-Free Savings Account - US,BOEING COMPANY (BA),3.0,200.24,721.68,600.72,1.0,1.2759100198745728,BA,Aerospace & Defense
01/2022,Tax-Free Savings Account - US,COINBASE GLOBAL INC CL A (COIN ),3.0,190.15,1007.1,570.45,1.0,1.2759100198745728,COIN,Financial Data & Stock Exchanges
01/2022,Tax-Free Savings Account - US,COSTCO WHOLESALE CORP (COST ),2.0,505.13,1015.91,1010.26,1.0,1.2759100198745728,COST,Discount Stores
01/2022,Tax-Free Savings Account - US,NETFLIX INC (NFLX ),3.0,427.14,1125.99,1281.42,1.0,1.2759100198745728,NFLX,Entertainment
01/2022,Tax-Free Savings Account - US,PROSHS BITCOIN STRAT ETF (BITO ),11.0,24.2,485.47,266.2,1.0,1.2759100198745728,BITO,n/a
01/2022,Tax-Free Savings Account - US,TWITTER INC (TWTR),15.0,37.51,635.19,562.65,1.0,1.2759100198745728,TWTR,n/a
04/2021,Tax-Free Savings Account - CDN,Cash,0.0,0.0,1000.0,1000.0,0.8145843148231506,1.0,CASH,Banks - Regional
05/2021,Tax-Free Savings Account - CDN,Cash,0.0,0.0,33.82,33.82,0.8279653787612915,1.0,CASH,Banks - Regional
05/2021,Tax-Free Savings Account - CDN,ISHRS CORE S P US TOT ETF (XUU),12.0,38.79,477.99,465.48,0.8279653787612915,1.0,XUU,n/a
05/2021,Tax-Free Savings Account - CDN,ISHARES JPM USD E M ETF (XEB),24.0,20.15,489.51,483.6,0.8279653787612915,1.0,XEB,n/a
07/2021,Tax-Free Savings Account - US,Cash,0.0,0.0,163.92,163.92,1.0,1.2449300289154053,CASH,Banks - Regional
07/2021,Tax-Free Savings Account - US,BOEING COMPANY (BA),3.0,226.48,721.68,679.44,1.0,1.2449300289154053,BA,Aerospace & Defense
07/2021,Tax-Free Savings Account - US,COINBASE GLOBAL INC CL A (COIN ),3.0,236.58,1007.1,709.74,1.0,1.2449300289154053,COIN,Financial Data & Stock Exchanges
06/2021,Tax-Free Savings Account - US,Cash,0.0,0.0,163.92,163.92,1.0,1.2396199703216553,CASH,Banks - Regional
06/2021,Tax-Free Savings Account - US,BOEING COMPANY (BA),3.0,239.56,721.68,718.68,1.0,1.2396199703216553,BA,Aerospace & Defense
06/2021,Tax-Free Savings Account - US,COINBASE GLOBAL INC CL A (COIN ),3.0,253.3,1007.1,759.9,1.0,1.2396199703216553,COIN,Financial Data & Stock Exchanges
05/2022,Tax-Free Savings Account - CDN,Cash,0.0,0.0,740.18,740.18,0.7901890277862549,1.0,CASH,Banks - Regional
05/2022,Tax-Free Savings Account - CDN,ISHRS CORE S P US TOT ETF (XUU),12.0,39.08,479.31,468.96,0.7901890277862549,1.0,XUU,n/a
05/2022,Tax-Free Savings Account - CDN,LIGHTSPEED COMMERCE SVS (LSPD),10.0,32.89,897.59,328.9,0.7901890277862549,1.0,LSPD,Software - Application
05/2022,Tax-Free Savings Account - CDN,LION ELECTRIC COMPANY (LEV ),32.0,7.32,512.39,234.24,0.7901890277862549,1.0,LEV,n/a
05/2022,Tax-Free Savings Account - CDN,ISHARES JPM USD E M ETF (XEB),24.0,16.41,489.35,393.84,0.7901890277862549,1.0,XEB,n/a
05/2022,Tax-Free Savings Account - CDN,SUNCOR ENERGY INC NEW (SU),25.0,50.89,1016.24,1272.25,0.7901890277862549,1.0,SU,Oil & Gas Integrated
05/2022,Tax-Free Savings Account - CDN,TORONTO DOMINION BANK (TD ),11.0,96.66,1066.54,1063.26,0.7901890277862549,1.0,TD,Banks - Diversified
04/2022,Tax-Free Savings Account - CDN,Cash,0.0,0.0,729.07,729.07,0.7809693217277527,1.0,CASH,Banks - Regional
04/2022,Tax-Free Savings Account - CDN,ISHRS CORE S P US TOT ETF (XUU),12.0,39.72,479.31,476.64,0.7809693217277527,1.0,XUU,n/a
04/2022,Tax-Free Savings Account - CDN,LIGHTSPEED COMMERCE SVS (LSPD),10.0,28.71,897.59,287.1,0.7809693217277527,1.0,LSPD,Software - Application
04/2022,Tax-Free Savings Account - CDN,LION ELECTRIC COMPANY (LEV ),32.0,7.86,512.39,251.52,0.7809693217277527,1.0,LEV,n/a
04/2022,Tax-Free Savings Account - CDN,ISHARES JPM USD E M ETF (XEB),24.0,16.35,489.35,392.4,0.7809693217277527,1.0,XEB,n/a
04/2022,Tax-Free Savings Account - CDN,SUNCOR ENERGY INC NEW (SU),25.0,46.18,1016.24,1154.5,0.7809693217277527,1.0,SU,Oil & Gas Integrated
04/2022,Tax-Free Savings Account - CDN,TORONTO DOMINION BANK (TD ),11.0,92.79,1066.54,1020.69,0.7809693217277527,1.0,TD,Banks - Diversified
07/2023,Tax-Free Savings Account - US,Cash,0.0,0.0,83.73,83.73,1.0,1.3250999450683594,CASH,Banks - Regional
07/2023,Tax-Free Savings Account - US,BMO MICRO FANG+TM ETN NEW (FNGU ),19.0,204.95,4193.79,3894.05,1.0,1.3250999450683594,FNGU,n/a
07/2023,Tax-Free Savings Account - US,BOEING COMPANY (BA),3.0,238.85,721.68,716.55,1.0,1.3250999450683594,BA,Aerospace & Defense
07/2023,Tax-Free Savings Account - US,COINBASE GLOBAL INC CL A (COIN ),3.0,98.61,1007.1,295.83,1.0,1.3250999450683594,COIN,Financial Data & Stock Exchanges
07/2023,Tax-Free Savings Account - US,COSTCO WHOLESALE CORP (COST ),2.0,560.67,1015.91,1121.34,1.0,1.3250999450683594,COST,Discount Stores
07/2023,Tax-Free Savings Account - US,INVESCO NASDAQ 100 ETF (QQQM ),10.0,157.93,1508.99,1579.3,1.0,1.3250999450683594,QQQM,n/a
07/2023,Tax-Free Savings Account - US,NETFLIX INC (NFLX ),3.0,438.97,1125.99,1316.91,1.0,1.3250999450683594,NFLX,Entertainment
07/2023,Tax-Free Savings Account - US,PROSHS BITCOIN STRAT ETF (BITO ),11.0,15.48,485.47,170.28,1.0,1.3250999450683594,BITO,n/a
06/2023,Tax-Free Savings Account - US,Cash,0.0,0.0,4193.33,4193.33,1.0,1.3250000476837158,CASH,Banks - Regional
06/2023,Tax-Free Savings Account - US,BOEING COMPANY (BA),3.0,211.16,721.68,633.48,1.0,1.3250000476837158,BA,Aerospace & Defense
06/2023,Tax-Free Savings Account - US,COINBASE GLOBAL INC CL A (COIN ),3.0,71.55,1007.1,214.65,1.0,1.3250000476837158,COIN,Financial Data & Stock Exchanges
06/2023,Tax-Free Savings Account - US,COSTCO WHOLESALE CORP (COST ),2.0,538.38,1015.91,1076.76,1.0,1.3250000476837158,COST,Discount Stores
06/2023,Tax-Free Savings Account - US,INVESCO NASDAQ 100 ETF (QQQM ),10.0,151.98,1508.99,1519.8,1.0,1.3250000476837158,QQQM,n/a
06/2023,Tax-Free Savings Account - US,NETFLIX INC (NFLX ),3.0,440.49,1125.99,1321.47,1.0,1.3250000476837158,NFLX,Entertainment
06/2023,Tax-Free Savings Account - US,PROSHS BITCOIN STRAT ETF (BITO ),11.0,16.98,485.47,186.78,1.0,1.3250000476837158,BITO,n/a
12/2024,Tax-Free Savings Account - CDN,Cash,0.0,0.0,10.94,10.94,0.6968737840652466,1.0,CASH,Banks - Regional
12/2024,Tax-Free Savings Account - CDN,ALIMENTATION COUCHE TARD (ATD),14.125,79.72,1138.58,1126.04,0.6968737840652466,1.0,ATD,n/a
12/2024,Tax-Free Savings Account - CDN,GROUPE DYNAMITE INC SVS (GRGD ),56.0,19.45,1135.03,1089.2,0.6968737840652466,1.0,GRGD,n/a
12/2024,Tax-Free Savings Account - CDN,LIGHTSPEED COMMERCE SVS (LSPD),10.0,21.92,897.59,219.2,0.6968737840652466,1.0,LSPD,Software - Application
12/2024,Tax-Free Savings Account - CDN,LION ELECTRIC COMPANY (LEV ),32.0,0.2,512.39,6.4,0.6968737840652466,1.0,LEV,n/a
12/2024,Tax-Free Savings Account - CDN,SHOPIFY INC CL A SVS (SHOP ),8.0,152.99,993.99,1223.92,0.6968737840652466,1.0,SHOP,Software - Application
12/2024,Tax-Free Savings Account - CDN,TORONTO DOMINION BANK (TD ),11.0,76.53,1066.54,841.83,0.6968737840652466,1.0,TD,Banks - Diversified
10/2024,Tax-Free Savings Account - US,Cash,0.0,0.0,1.99,1.99,1.0,1.3907999992370603,CASH,Banks - Regional
10/2024,Tax-Free Savings Account - US,BOEING COMPANY (BA),3.0,149.31,721.68,447.93,1.0,1.3907999992370603,BA,Aerospace & Defense
10/2024,Tax-Free Savings Account - US,COINBASE GLOBAL INC CL A (COIN ),3.0,179.25,1007.1,537.75,1.0,1.3907999992370603,COIN,Financial Data & Stock Exchanges
10/2024,Tax-Free Savings Account - US,INVESCO NASDAQ 100 ETF (QQQM ),25.0,199.13,4194.34,4978.25,1.0,1.3907999992370603,QQQM,n/a
10/2024,Tax-Free Savings Account - US,MICROSOFT CORP (MSFT ),4.86,406.35,2040.28,1974.86,1.0,1.3907999992370603,MSFT,Software - Infrastructure
10/2024,Tax-Free Savings Account - US,PROSHARES BITCOIN ETF (BITO ),11.0,19.88,485.47,218.68,1.0,1.3907999992370603,BITO,n/a
10/2024,Tax-Free Savings Account - US,VANGUARD L T CORP BND ETF (VCLT ),18.0,77.36,1401.3,1392.48,1.0,1.3907999992370603,VCLT,n/a
10/2024,Tax-Free Savings Account - US,WALMART INC (WMT ),54.0,81.95,3073.35,4425.3,1.0,1.3907999992370603,WMT,Discount Stores
11/2024,Tax-Free Savings Account - US,Cash,0.0,0.0,7.3,7.3,1.0,1.4007200002670288,CASH,Banks - Regional
11/2024,Tax-Free Savings Account - US,BITFARMS LTD (BITF ),665.06024,2.15,1389.99,1429.87,1.0,1.4007200002670288,BITF,Capital Markets
11/2024,Tax-Free Savings Account - US,BOEING COMPANY (BA),3.0,155.44,721.68,466.32,1.0,1.4007200002670288,BA,Aerospace & Defense
11/2024,Tax-Free Savings Account - US,COINBASE GLOBAL INC CL A (COIN ),3.0,296.2,1007.1,888.6,1.0,1.4007200002670288,COIN,Financial Data & Stock Exchanges
11/2024,Tax-Free Savings Account - US,INVESCO NASDAQ 100 ETF (QQQM ),25.0,209.8,4194.34,5245.0,1.0,1.4007200002670288,QQQM,n/a
11/2024,Tax-Free Savings Account - US,MICROSOFT CORP (MSFT ),4.86,423.46,2040.28,2058.01,1.0,1.4007200002670288,MSFT,Software - Infrastructure
11/2024,Tax-Free Savings Account - US,PROSHARES BITCOIN ETF (BITO ),11.0,26.14,485.47,287.54,1.0,1.4007200002670288,BITO,n/a
11/2024,Tax-Free Savings Account - US,WALMART INC (WMT ),54.0,92.5,3073.35,4995.0,1.0,1.4007200002670288,WMT,Discount Stores
06/2022,Tax-Free Savings Account - US,Cash,0.0,0.0,264.36,264.36,1.0,1.2883299589157104,CASH,Banks - Regional
06/2022,Tax-Free Savings Account - US,BOEING COMPANY (BA),3.0,136.72,721.68,410.16,1.0,1.2883299589157104,BA,Aerospace & Defense
06/2022,Tax-Free Savings Account - US,COINBASE GLOBAL INC CL A (COIN ),3.0,47.02,1007.1,141.06,1.0,1.2883299589157104,COIN,Financial Data & Stock Exchanges
06/2022,Tax-Free Savings Account - US,COSTCO WHOLESALE CORP (COST ),2.0,479.28,1015.91,958.56,1.0,1.2883299589157104,COST,Discount Stores
06/2022,Tax-Free Savings Account - US,INVESCO NASDAQ 100 ETF (QQQM ),10.0,115.2,1508.99,1152.0,1.0,1.2883299589157104,QQQM,n/a
06/2022,Tax-Free Savings Account - US,NETFLIX INC (NFLX ),3.0,174.87,1125.99,524.61,1.0,1.2883299589157104,NFLX,Entertainment
06/2022,Tax-Free Savings Account - US,PROSHS BITCOIN STRAT ETF (BITO ),11.0,11.61,485.47,127.71,1.0,1.2883299589157104,BITO,n/a
06/2022,Tax-Free Savings Account - US,TWITTER INC (TWTR),15.0,37.39,635.19,560.85,1.0,1.2883299589157104,TWTR,n/a
07/2022,Tax-Free Savings Account - US,Cash,0.0,0.0,264.36,264.36,1.0,1.2806999683380127,CASH,Banks - Regional
07/2022,Tax-Free Savings Account - US,BOEING COMPANY (BA),3.0,159.31,721.68,477.93,1.0,1.2806999683380127,BA,Aerospace & Defense
07/2022,Tax-Free Savings Account - US,COINBASE GLOBAL INC CL A (COIN ),3.0,62.96,1007.1,188.88,1.0,1.2806999683380127,COIN,Financial Data & Stock Exchanges
07/2022,Tax-Free Savings Account - US,COSTCO WHOLESALE CORP (COST ),2.0,541.3,1015.91,1082.6,1.0,1.2806999683380127,COST,Discount Stores
07/2022,Tax-Free Savings Account - US,INVESCO NASDAQ 100 ETF (QQQM ),10.0,129.79,1508.99,1297.9,1.0,1.2806999683380127,QQQM,n/a
07/2022,Tax-Free Savings Account - US,NETFLIX INC (NFLX ),3.0,224.9,1125.99,674.7,1.0,1.2806999683380127,NFLX,Entertainment
07/2022,Tax-Free Savings Account - US,PROSHS BITCOIN STRAT ETF (BITO ),11.0,14.83,485.47,163.13,1.0,1.2806999683380127,BITO,n/a
07/2022,Tax-Free Savings Account - US,TWITTER INC (TWTR),15.0,41.61,635.19,624.15,1.0,1.2806999683380127,TWTR,n/a
04/2023,Tax-Free Savings Account - CDN,Cash,0.0,0.0,4140.9,4140.9,0.7353103756904602,1.0,CASH,Banks - Regional
04/2023,Tax-Free Savings Account - CDN,ISHRS CORE S P US TOT ETF (XUU),12.0,41.78,482.96,501.36,0.7353103756904602,1.0,XUU,n/a
04/2023,Tax-Free Savings Account - CDN,LIGHTSPEED COMMERCE SVS (LSPD),10.0,17.81,897.59,178.1,0.7353103756904602,1.0,LSPD,Software - Application
04/2023,Tax-Free Savings Account - CDN,LION ELECTRIC COMPANY (LEV ),32.0,3.01,512.39,96.32,0.7353103756904602,1.0,LEV,n/a
04/2023,Tax-Free Savings Account - CDN,ISHARES JPM USD E M ETF (XEB),24.0,15.25,488.72,366.0,0.7353103756904602,1.0,XEB,n/a
04/2023,Tax-Free Savings Account - CDN,SUNCOR ENERGY INC NEW (SU),25.0,42.42,1016.24,1060.5,0.7353103756904602,1.0,SU,Oil & Gas Integrated
04/2023,Tax-Free Savings Account - CDN,TORONTO DOMINION BANK (TD ),11.0,82.07,1066.54,902.77,0.7353103756904602,1.0,TD,Banks - Diversified
05/2023,Tax-Free Savings Account - CDN,Cash,0.0,0.0,4152.78,4152.78,0.7353103756904602,1.0,CASH,Banks - Regional
05/2023,Tax-Free Savings Account - CDN,ISHRS CORE S P US TOT ETF (XUU),12.0,41.95,482.96,503.4,0.7353103756904602,1.0,XUU,n/a
05/2023,Tax-Free Savings Account - CDN,LIGHTSPEED COMMERCE SVS (LSPD),10.0,18.32,897.59,183.2,0.7353103756904602,1.0,LSPD,Software - Application
05/2023,Tax-Free Savings Account - CDN,LION ELECTRIC COMPANY (LEV ),32.0,2.56,512.39,81.92,0.7353103756904602,1.0,LEV,n/a
05/2023,Tax-Free Savings Account - CDN,ISHARES JPM USD E M ETF (XEB),24.0,15.04,488.72,360.96,0.7353103756904602,1.0,XEB,n/a
05/2023,Tax-Free Savings Account - CDN,SUNCOR ENERGY INC NEW (SU),25.0,38.03,1016.24,950.75,0.7353103756904602,1.0,SU,Oil & Gas Integrated
05/2023,Tax-Free Savings Account - CDN,TORONTO DOMINION BANK (TD ),11.0,76.84,1066.54,845.24,0.7353103756904602,1.0,TD,Banks - Diversified
12/2021,Tax-Free Savings Account - CDN,Cash,0.0,0.0,1325.92,1325.92,0.7846583127975464,1.0,CASH,Banks - Regional
12/2021,Tax-Free Savings Account - CDN,ISHRS CORE S P US TOT ETF (XUU),12.0,45.39,477.99,544.68,0.7846583127975464,1.0,XUU,n/a
12/2021,Tax-Free Savings Account - CDN,LIGHTSPEED COMMERCE SVS (LSPD),10.0,51.08,897.59,510.8,0.7846583127975464,1.0,LSPD,Software - Application
12/2021,Tax-Free Savings Account - CDN,LION ELECTRIC COMPANY (LEV ),32.0,12.5,512.39,400.0,0.7846583127975464,1.0,LEV,n/a
12/2021,Tax-Free Savings Account - CDN,ISHARES JPM USD E M ETF (XEB),24.0,19.6,489.51,470.4,0.7846583127975464,1.0,XEB,n/a
12/2021,Tax-Free Savings Account - CDN,TORONTO DOMINION BANK (TD ),11.0,96.98,1066.54,1066.78,0.7846583127975464,1.0,TD,Banks - Diversified
10/2021,Tax-Free Savings Account - US,Cash,0.0,0.0,29.83,29.83,1.0,1.2346099615097046,CASH,Banks - Regional
10/2021,Tax-Free Savings Account - US,BOEING COMPANY (BA),3.0,207.03,721.68,621.09,1.0,1.2346099615097046,BA,Aerospace & Defense
10/2021,Tax-Free Savings Account - US,COINBASE GLOBAL INC CL A (COIN ),3.0,319.42,1007.1,958.26,1.0,1.2346099615097046,COIN,Financial Data & Stock Exchanges
10/2021,Tax-Free Savings Account - US,PROSHS BITCOIN STRAT ETF (BITO ),11.0,40.32,485.47,443.52,1.0,1.2346099615097046,BITO,n/a
11/2021,Tax-Free Savings Account - US,Cash,0.0,0.0,29.83,29.83,1.0,1.273800015449524,CASH,Banks - Regional
11/2021,Tax-Free Savings Account - US,BOEING COMPANY (BA),3.0,197.85,721.68,593.55,1.0,1.273800015449524,BA,Aerospace & Defense
11/2021,Tax-Free Savings Account - US,COINBASE GLOBAL INC CL A (COIN ),3.0,315.0,1007.1,945.0,1.0,1.273800015449524,COIN,Financial Data & Stock Exchanges
11/2021,Tax-Free Savings Account - US,PROSHS BITCOIN STRAT ETF (BITO ),11.0,36.59,485.47,402.49,1.0,1.273800015449524,BITO,n/a
04/2024,Tax-Free Savings Account - CDN,Cash,0.0,0.0,100.65,100.65,0.7317055463790894,1.0,CASH,Banks - Regional
04/2024,Tax-Free Savings Account - CDN,BITFARMS LTD (BITF ),300.0,2.46,604.61,738.0,0.7317055463790894,1.0,BITF,Capital Markets
04/2024,Tax-Free Savings Account - CDN,ISHRS CORE S P US TOT ETF (XUU),12.0,51.27,482.91,615.24,0.7317055463790894,1.0,XUU,n/a
04/2024,Tax-Free Savings Account - CDN,LIGHTSPEED COMMERCE SVS (LSPD),10.0,18.03,897.59,180.3,0.7317055463790894,1.0,LSPD,Software - Application
04/2024,Tax-Free Savings Account - CDN,LION ELECTRIC COMPANY (LEV ),32.0,1.25,512.39,40.0,0.7317055463790894,1.0,LEV,n/a
04/2024,Tax-Free Savings Account - CDN,ISHARES JPM USD E M ETF (XEB),24.0,15.35,488.59,368.4,0.7317055463790894,1.0,XEB,n/a
04/2024,Tax-Free Savings Account - CDN,SHOPIFY INC CL A SVS (SHOP ),8.0,96.65,993.99,773.2,0.7317055463790894,1.0,SHOP,Software - Application
04/2024,Tax-Free Savings Account - CDN,TORONTO DOMINION BANK (TD ),11.0,81.67,1066.54,898.37,0.7317055463790894,1.0,TD,Banks - Diversified
05/2024,Tax-Free Savings Account - CDN,Cash,0.0,0.0,101.83,101.83,0.7308178544044495,1.0,CASH,Banks - Regional
05/2024,Tax-Free Savings Account - CDN,BITFARMS LTD (BITF ),300.0,3.08,604.61,924.0,0.7308178544044495,1.0,BITF,Capital Markets
05/2024,Tax-Free Savings Account - CDN,ISHRS CORE S P US TOT ETF (XUU),12.0,53.11,482.91,637.32,0.7308178544044495,1.0,XUU,n/a
05/2024,Tax-Free Savings Account - CDN,LIGHTSPEED COMMERCE SVS (LSPD),10.0,19.76,897.59,197.6,0.7308178544044495,1.0,LSPD,Software - Application
05/2024,Tax-Free Savings Account - CDN,LION ELECTRIC COMPANY (LEV ),32.0,1.47,512.39,47.04,0.7308178544044495,1.0,LEV,n/a
05/2024,Tax-Free Savings Account - CDN,ISHARES JPM USD E M ETF (XEB),24.0,15.66,488.59,375.84,0.7308178544044495,1.0,XEB,n/a
05/2024,Tax-Free Savings Account - CDN,SHOPIFY INC CL A SVS (SHOP ),8.0,80.66,993.99,645.28,0.7308178544044495,1.0,SHOP,Software - Application
05/2024,Tax-Free Savings Account - CDN,TORONTO DOMINION BANK (TD ),11.0,76.2,1066.54,838.2,0.7308178544044495,1.0,TD,Banks - Diversified
10/2023,Tax-Free Savings Account - US,Cash,0.0,0.0,91.87,91.87,1.0,1.3828599452972412,CASH,Banks - Regional
10/2023,Tax-Free Savings Account - US,BMO MICRO FANG+TM ETN NEW (FNGU ),19.0,139.57,4193.79,2651.83,1.0,1.3828599452972412,FNGU,n/a
10/2023,Tax-Free Savings Account - US,BOEING COMPANY (BA),3.0,186.82,721.68,560.46,1.0,1.3828599452972412,BA,Aerospace & Defense
10/2023,Tax-Free Savings Account - US,COINBASE GLOBAL INC CL A (COIN ),3.0,77.12,1007.1,231.36,1.0,1.3828599452972412,COIN,Financial Data & Stock Exchanges
10/2023,Tax-Free Savings Account - US,COSTCO WHOLESALE CORP (COST ),2.0,552.44,1015.91,1104.88,1.0,1.3828599452972412,COST,Discount Stores
10/2023,Tax-Free Savings Account - US,INVESCO NASDAQ 100 ETF (QQQM ),10.0,144.33,1508.99,1443.3,1.0,1.3828599452972412,QQQM,n/a
10/2023,Tax-Free Savings Account - US,NETFLIX INC (NFLX ),3.0,411.69,1125.99,1235.07,1.0,1.3828599452972412,NFLX,Entertainment
10/2023,Tax-Free Savings Account - US,PROSHS BITCOIN STRAT ETF (BITO ),11.0,17.59,485.47,193.49,1.0,1.3828599452972412,BITO,n/a
11/2023,Tax-Free Savings Account - US,Cash,0.0,0.0,1434.9,1434.9,1.0,1.3590199947357178,CASH,Banks - Regional
11/2023,Tax-Free Savings Account - US,BMO MICRO FANG+TM ETN NEW (FNGU ),19.0,200.03,4193.79,3800.57,1.0,1.3590199947357178,FNGU,n/a
11/2023,Tax-Free Savings Account - US,BOEING COMPANY (BA),3.0,231.63,721.68,694.89,1.0,1.3590199947357178,BA,Aerospace & Defense
11/2023,Tax-Free Savings Account - US,COINBASE GLOBAL INC CL A (COIN ),3.0,124.72,1007.1,374.16,1.0,1.3590199947357178,COIN,Financial Data & Stock Exchanges
11/2023,Tax-Free Savings Account - US,COSTCO WHOLESALE CORP (COST ),2.0,592.74,1015.91,1185.48,1.0,1.3590199947357178,COST,Discount Stores
11/2023,Tax-Free Savings Account - US,INVESCO NASDAQ 100 ETF (QQQM ),10.0,159.95,1508.99,1599.5,1.0,1.3590199947357178,QQQM,n/a
11/2023,Tax-Free Savings Account - US,PROSHS BITCOIN STRAT ETF (BITO ),11.0,18.87,485.47,207.57,1.0,1.3590199947357178,BITO,n/a
12/2022,Tax-Free Savings Account - CDN,Cash,0.0,0.0,106.78,106.78,0.7378984093666077,1.0,CASH,Banks - Regional
12/2022,Tax-Free Savings Account - CDN,ISHRS CORE S P US TOT ETF (XUU),12.0,38.71,479.31,464.52,0.7378984093666077,1.0,XUU,n/a
12/2022,Tax-Free Savings Account - CDN,LIGHTSPEED COMMERCE SVS (LSPD),10.0,19.35,897.59,193.5,0.7378984093666077,1.0,LSPD,Software - Application
12/2022,Tax-Free Savings Account - CDN,LION ELECTRIC COMPANY (LEV ),32.0,3.04,512.39,97.28,0.7378984093666077,1.0,LEV,n/a
12/2022,Tax-Free Savings Account - CDN,ISHARES JPM USD E M ETF (XEB),24.0,15.14,489.35,363.36,0.7378984093666077,1.0,XEB,n/a
12/2022,Tax-Free Savings Account - CDN,SUNCOR ENERGY INC NEW (SU),25.0,42.95,1016.24,1073.75,0.7378984093666077,1.0,SU,Oil & Gas Integrated
12/2022,Tax-Free Savings Account - CDN,TORONTO DOMINION BANK (TD ),11.0,87.67,1066.54,964.37,0.7378984093666077,1.0,TD,Banks - Diversified
12/2023,Tax-Free Savings Account - CDN,Cash,0.0,0.0,15.28,15.28,0.7558807134628296,1.0,CASH,Banks - Regional
12/2023,Tax-Free Savings Account - CDN,BITFARMS LTD (BITF ),650.0,3.85,1309.99,2502.5,0.7558807134628296,1.0,BITF,Capital Markets
12/2023,Tax-Free Savings Account - CDN,ISHRS CORE S P US TOT ETF (XUU),12.0,47.03,482.96,564.36,0.7558807134628296,1.0,XUU,n/a
12/2023,Tax-Free Savings Account - CDN,LIGHTSPEED COMMERCE SVS (LSPD),10.0,27.82,897.59,278.2,0.7558807134628296,1.0,LSPD,Software - Application
12/2023,Tax-Free Savings Account - CDN,LION ELECTRIC COMPANY (LEV ),32.0,2.36,512.39,75.52,0.7558807134628296,1.0,LEV,n/a
12/2023,Tax-Free Savings Account - CDN,ISHARES JPM USD E M ETF (XEB),24.0,15.77,488.72,378.48,0.7558807134628296,1.0,XEB,n/a
12/2023,Tax-Free Savings Account - CDN,TORONTO DOMINION BANK (TD ),11.0,85.62,1066.54,941.82,0.7558807134628296,1.0,TD,Banks - Diversified
11/2022,Tax-Free Savings Account - US,Cash,0.0,0.0,1600.75,1600.75,1.0,1.3583600521087646,CASH,Banks - Regional
11/2022,Tax-Free Savings Account - US,BOEING COMPANY (BA),3.0,178.88,721.68,536.64,1.0,1.3583600521087646,BA,Aerospace & Defense
11/2022,Tax-Free Savings Account - US,COINBASE GLOBAL INC CL A (COIN ),3.0,45.73,1007.1,137.19,1.0,1.3583600521087646,COIN,Financial Data & Stock Exchanges
11/2022,Tax-Free Savings Account - US,COSTCO WHOLESALE CORP (COST ),2.0,539.25,1015.91,1078.5,1.0,1.3583600521087646,COST,Discount Stores
11/2022,Tax-Free Savings Account - US,INVESCO NASDAQ 100 ETF (QQQM ),10.0,120.74,1508.99,1207.4,1.0,1.3583600521087646,QQQM,n/a
11/2022,Tax-Free Savings Account - US,NETFLIX INC (NFLX ),3.0,305.53,1125.99,916.59,1.0,1.3583600521087646,NFLX,Entertainment
11/2022,Tax-Free Savings Account - US,PROSHS BITCOIN STRAT ETF (BITO ),11.0,10.7,485.47,117.7,1.0,1.3583600521087646,BITO,n/a
10/2022,Tax-Free Savings Account - US,Cash,0.0,0.0,1080.97,1080.97,1.0,1.3608100414276123,CASH,Banks - Regional
10/2022,Tax-Free Savings Account - US,BOEING COMPANY (BA),3.0,142.51,721.68,427.53,1.0,1.3608100414276123,BA,Aerospace & Defense
10/2022,Tax-Free Savings Account - US,COINBASE GLOBAL INC CL A (COIN ),3.0,66.25,1007.1,198.75,1.0,1.3608100414276123,COIN,Financial Data & Stock Exchanges
10/2022,Tax-Free Savings Account - US,COSTCO WHOLESALE CORP (COST ),2.0,501.5,1015.91,1003.0,1.0,1.3608100414276123,COST,Discount Stores
10/2022,Tax-Free Savings Account - US,INVESCO NASDAQ 100 ETF (QQQM ),10.0,114.35,1508.99,1143.5,1.0,1.3608100414276123,QQQM,n/a
10/2022,Tax-Free Savings Account - US,NETFLIX INC (NFLX ),3.0,291.88,1125.99,875.64,1.0,1.3608100414276123,NFLX,Entertainment
10/2022,Tax-Free Savings Account - US,PROSHS BITCOIN STRAT ETF (BITO ),11.0,12.57,485.47,138.27,1.0,1.3608100414276123,BITO,n/a
07/2024,Tax-Free Savings Account - US,Cash,0.0,0.0,208.36,208.36,1.0,1.384960055351257,CASH,Banks - Regional
07/2024,Tax-Free Savings Account - US,BOEING COMPANY (BA),3.0,190.6,721.68,571.8,1.0,1.384960055351257,BA,Aerospace & Defense
07/2024,Tax-Free Savings Account - US,COINBASE GLOBAL INC CL A (COIN ),3.0,224.36,1007.1,673.08,1.0,1.384960055351257,COIN,Financial Data & Stock Exchanges
07/2024,Tax-Free Savings Account - US,COSTCO WHOLESALE CORP (COST ),2.0,822.0,1015.91,1644.0,1.0,1.384960055351257,COST,Discount Stores
07/2024,Tax-Free Savings Account - US,INVESCO NASDAQ 100 ETF (QQQM ),25.0,193.76,4194.34,4844.0,1.0,1.384960055351257,QQQM,n/a
07/2024,Tax-Free Savings Account - US,PROSHS BITCOIN STRAT ETF (BITO ),11.0,22.69,485.47,249.59,1.0,1.384960055351257,BITO,n/a
07/2024,Tax-Free Savings Account - US,VANGUARD L T CORP BND ETF (VCLT ),18.0,77.98,1401.3,1403.64,1.0,1.384960055351257,VCLT,n/a
07/2024,Tax-Free Savings Account - US,WALMART INC (WMT ),54.0,68.64,3073.35,3706.56,1.0,1.384960055351257,WMT,Discount Stores
06/2024,Tax-Free Savings Account - US,Cash,0.0,0.0,189.35,189.35,1.0,1.3699300289154053,CASH,Banks - Regional
06/2024,Tax-Free Savings Account - US,BOEING COMPANY (BA),3.0,182.01,721.68,546.03,1.0,1.3699300289154053,BA,Aerospace & Defense
06/2024,Tax-Free Savings Account - US,COINBASE GLOBAL INC CL A (COIN ),3.0,222.23,1007.1,666.69,1.0,1.3699300289154053,COIN,Financial Data & Stock Exchanges
06/2024,Tax-Free Savings Account - US,COSTCO WHOLESALE CORP (COST ),2.0,849.99,1015.91,1699.98,1.0,1.3699300289154053,COST,Discount Stores
06/2024,Tax-Free Savings Account - US,INVESCO NASDAQ 100 ETF (QQQM ),25.0,197.11,4194.34,4927.75,1.0,1.3699300289154053,QQQM,n/a
06/2024,Tax-Free Savings Account - US,PROSHS BITCOIN STRAT ETF (BITO ),11.0,22.51,485.47,247.61,1.0,1.3699300289154053,BITO,n/a
06/2024,Tax-Free Savings Account - US,VANGUARD L T CORP BND ETF (VCLT ),18.0,75.86,1401.3,1365.48,1.0,1.3699300289154053,VCLT,n/a
06/2024,Tax-Free Savings Account - US,WALMART INC (WMT ),54.0,67.71,3073.35,3656.34,1.0,1.3699300289154053,WMT,Discount Stores
05/2025,Tax-Free Savings Account - CDN,Cash,0.0,0.0,36.79,36.79,0.7243384718894958,1.0,CASH,Banks - Regional
05/2025,Tax-Free Savings Account - CDN,ALIMENTATION COUCHE TARD (ATD),14.125,71.15,1138.58,1004.99,0.7243384718894958,1.0,ATD,n/a
05/2025,Tax-Free Savings Account - CDN,GROUPE DYNAMITE INC SVS (GRGD ),56.0,16.5,1135.03,924.0,0.7243384718894958,1.0,GRGD,n/a
05/2025,Tax-Free Savings Account - CDN,LIGHTSPEED COMMERCE SVS (LSPD) COMPANY (LEVGQ ),10.0,14.35,897.59,143.5,0.7243384718894958,1.0,LSPD,Software - Application
05/2025,Tax-Free Savings Account - CDN,SHOPIFY INC CL A SVS (SHOP ),8.0,146.64,993.99,1173.12,0.7243384718894958,1.0,SHOP,Software - Application
05/2025,Tax-Free Savings Account - CDN,TORONTO DOMINION BANK (TD ) 4U US 0 00 470RR2J 765RB1J COUCHE TARD 470RR2J 765RB1J 470RR2J 765RB1J SVS 470RR2J 765RB1J 470RR2J 765RB1J 470RR2J 765RB1J 470RR2J 765RB1J 31 36 79 TFSA 0 00 0 00 TD 3 4 765RB1 J CDN TD TD (NAVPS) NAVPS A NL D LL FRAC TD NVS TD RS SVS RVS 3500 5 3 SEG L3R 2Z1 SFK (SEG) TD CIRO CIPF A 31 CDIC U S TFSA TFSA TFSA TD TD TD TD TD TD TD TMX TMX (TD) TD TMX TSX N D TMX N D TD TD TD TD TD 4 4 TD,11.0,94.77,1066.54,1042.47,0.7243384718894958,1.0,TD,Banks - Diversified
04/2025,Tax-Free Savings Account - CDN,Cash,0.0,0.0,36.79,36.79,0.7232331037521362,1.0,CASH,Banks - Regional
04/2025,Tax-Free Savings Account - CDN,ALIMENTATION COUCHE TARD (ATD),14.125,71.96,1138.58,1016.43,0.7232331037521362,1.0,ATD,n/a
04/2025,Tax-Free Savings Account - CDN,GROUPE DYNAMITE INC SVS (GRGD ),56.0,13.3,1135.03,744.8,0.7232331037521362,1.0,GRGD,n/a
04/2025,Tax-Free Savings Account - CDN,LIGHTSPEED COMMERCE SVS (LSPD) COMPANY (LEVGQ ),10.0,13.49,897.59,134.9,0.7232331037521362,1.0,LSPD,Software - Application
04/2025,Tax-Free Savings Account - CDN,SHOPIFY INC CL A SVS (SHOP ),8.0,131.12,993.99,1048.96,0.7232331037521362,1.0,SHOP,Software - Application
04/2025,Tax-Free Savings Account - CDN,TORONTO DOMINION BANK (TD ),11.0,88.09,1066.54,968.99,0.7232331037521362,1.0,TD,Banks - Diversified
